--
-- Script was generated by Devart dbForge Studio 2020 for MySQL, Version 9.0.391.0
-- Product home page: http://www.devart.com/dbforge/mysql/studio
-- Script date 18/10/2020 15:00:22
-- Server version: 10.4.14
-- Client version: 4.1
--

-- 
-- Disable foreign keys
-- 
/*!40014 SET @OLD_FOREIGN_KEY_CHECKS=@@FOREIGN_KEY_CHECKS, FOREIGN_KEY_CHECKS=0 */;

-- 
-- Set SQL mode
-- 
/*!40101 SET @OLD_SQL_MODE=@@SQL_MODE, SQL_MODE='NO_AUTO_VALUE_ON_ZERO' */;

-- 
-- Set character set the client will use to send SQL statements to the server
--
SET NAMES 'utf8';

--
-- Create table `twitter_accounts`
--
CREATE TABLE twitter_accounts (
  id INT(11) NOT NULL AUTO_INCREMENT,
  username VARCHAR(50) CHARACTER SET utf8 COLLATE utf8_general_ci NOT NULL DEFAULT '0',
  password VARCHAR(64) BINARY NOT NULL DEFAULT '0',
  avatar_url VARCHAR(255) BINARY DEFAULT NULL,
  PRIMARY KEY (id)
)
ENGINE = INNODB,
AUTO_INCREMENT = 60,
CHARACTER SET utf8mb4,
COLLATE utf8mb4_bin;

--
-- Create index `username` on table `twitter_accounts`
--
ALTER TABLE twitter_accounts 
  ADD UNIQUE INDEX username(username);

--
-- Create table `twitter_tweets`
--
CREATE TABLE twitter_tweets (
  id INT(11) NOT NULL AUTO_INCREMENT,
  authorId INT(11) NOT NULL,
  realUser VARCHAR(50) DEFAULT NULL,
  message VARCHAR(256) NOT NULL,
  image VARCHAR(256) DEFAULT NULL,
  time TIMESTAMP NOT NULL DEFAULT current_timestamp(),
  likes INT(11) NOT NULL DEFAULT 0,
  PRIMARY KEY (id)
)
ENGINE = INNODB,
AUTO_INCREMENT = 10750,
CHARACTER SET utf8mb4,
COLLATE utf8mb4_unicode_ci;

--
-- Create foreign key
--
ALTER TABLE twitter_tweets 
  ADD CONSTRAINT FK_twitter_tweets_twitter_accounts FOREIGN KEY (authorId)
    REFERENCES twitter_accounts(id);

--
-- Create table `twitter_likes`
--
CREATE TABLE twitter_likes (
  id INT(11) NOT NULL AUTO_INCREMENT,
  authorId INT(11) DEFAULT NULL,
  tweetId INT(11) DEFAULT NULL,
  PRIMARY KEY (id)
)
ENGINE = INNODB,
AUTO_INCREMENT = 2,
CHARACTER SET utf8mb4,
COLLATE utf8mb4_bin;

--
-- Create foreign key
--
ALTER TABLE twitter_likes 
  ADD CONSTRAINT FK_twitter_likes_twitter_accounts FOREIGN KEY (authorId)
    REFERENCES twitter_accounts(id);

--
-- Create foreign key
--
ALTER TABLE twitter_likes 
  ADD CONSTRAINT FK_twitter_likes_twitter_tweets FOREIGN KEY (tweetId)
    REFERENCES twitter_tweets(id) ON DELETE CASCADE;

--
-- Create table `insto_accounts`
--
CREATE TABLE insto_accounts (
  id INT(11) NOT NULL AUTO_INCREMENT,
  forename VARCHAR(50) BINARY NOT NULL DEFAULT '0',
  surname VARCHAR(50) BINARY NOT NULL DEFAULT '0',
  username VARCHAR(50) CHARACTER SET utf8 COLLATE utf8_general_ci NOT NULL DEFAULT '0',
  password VARCHAR(50) BINARY NOT NULL DEFAULT '0',
  avatar_url VARCHAR(255) BINARY DEFAULT NULL,
  PRIMARY KEY (id)
)
ENGINE = INNODB,
AUTO_INCREMENT = 69,
CHARACTER SET utf8mb4,
COLLATE utf8mb4_bin;

--
-- Create index `username` on table `insto_accounts`
--
ALTER TABLE insto_accounts 
  ADD UNIQUE INDEX username(username);

--
-- Create table `insto_instas`
--
CREATE TABLE insto_instas (
  id INT(11) NOT NULL AUTO_INCREMENT,
  authorId INT(11) NOT NULL,
  realUser VARCHAR(50) DEFAULT NULL,
  message VARCHAR(256) NOT NULL,
  image VARCHAR(256) NOT NULL,
  filters VARCHAR(256) NOT NULL,
  time TIMESTAMP NOT NULL DEFAULT current_timestamp(),
  likes INT(11) NOT NULL DEFAULT 0,
  PRIMARY KEY (id)
)
ENGINE = INNODB,
AUTO_INCREMENT = 227,
CHARACTER SET utf8mb4,
COLLATE utf8mb4_unicode_ci;

--
-- Create foreign key
--
ALTER TABLE insto_instas 
  ADD CONSTRAINT FK_insto_instas_insto_accounts FOREIGN KEY (authorId)
    REFERENCES insto_accounts(id);

--
-- Create table `insto_likes`
--
CREATE TABLE insto_likes (
  id INT(11) NOT NULL AUTO_INCREMENT,
  authorId INT(11) DEFAULT NULL,
  inapId INT(11) DEFAULT NULL,
  PRIMARY KEY (id)
)
ENGINE = INNODB,
CHARACTER SET utf8mb4,
COLLATE utf8mb4_bin;

--
-- Create foreign key
--
ALTER TABLE insto_likes 
  ADD CONSTRAINT FK_insto_likes_insto_accounts FOREIGN KEY (authorId)
    REFERENCES insto_accounts(id);

--
-- Create foreign key
--
ALTER TABLE insto_likes 
  ADD CONSTRAINT FK_insto_likes_insto_instas FOREIGN KEY (inapId)
    REFERENCES insto_instas(id) ON DELETE CASCADE;

--
-- Create table `yellow_tweets`
--
CREATE TABLE yellow_tweets (
  id INT(11) NOT NULL AUTO_INCREMENT,
  phone_number VARCHAR(50) DEFAULT NULL,
  firstname VARCHAR(256) DEFAULT NULL,
  lastname VARCHAR(256) DEFAULT NULL,
  message VARCHAR(256) NOT NULL,
  image VARCHAR(256) DEFAULT NULL,
  time TIMESTAMP NOT NULL DEFAULT current_timestamp(),
  PRIMARY KEY (id)
)
ENGINE = INNODB,
CHARACTER SET utf8mb4,
COLLATE utf8mb4_unicode_ci;

--
-- Create table `warehouse`
--
CREATE TABLE warehouse (
  identifier VARCHAR(50) NOT NULL,
  warehouse LONGTEXT BINARY CHARACTER SET utf8mb4 COLLATE utf8mb4_bin NOT NULL,
  PRIMARY KEY (identifier)
)
ENGINE = INNODB,
AVG_ROW_LENGTH = 2596,
CHARACTER SET latin1,
COLLATE latin1_swedish_ci;

--
-- Create table `vehicle_sold`
--
CREATE TABLE vehicle_sold (
  client VARCHAR(50) BINARY NOT NULL,
  model VARCHAR(50) BINARY NOT NULL,
  plate VARCHAR(50) BINARY NOT NULL,
  soldby VARCHAR(50) BINARY NOT NULL,
  date VARCHAR(50) BINARY NOT NULL,
  PRIMARY KEY (plate)
)
ENGINE = INNODB,
CHARACTER SET utf8mb4,
COLLATE utf8mb4_bin;

--
-- Create table `vehicle_properties`
--
CREATE TABLE vehicle_properties (
  vehicleId INT(11) NOT NULL,
  name VARCHAR(100) BINARY NOT NULL,
  value VARCHAR(100) BINARY NOT NULL
)
ENGINE = INNODB,
CHARACTER SET utf8mb4,
COLLATE utf8mb4_bin;

--
-- Create table `vehicle_categories`
--
CREATE TABLE vehicle_categories (
  name VARCHAR(100) NOT NULL,
  label VARCHAR(100) DEFAULT NULL,
  PRIMARY KEY (name)
)
ENGINE = INNODB,
AVG_ROW_LENGTH = 431,
CHARACTER SET latin1,
COLLATE latin1_swedish_ci;

--
-- Create table `vehicles`
--
CREATE TABLE vehicles (
  model VARCHAR(100) NOT NULL,
  name VARCHAR(45) NOT NULL DEFAULT 'Carro',
  price INT(11) NOT NULL,
  category VARCHAR(100) DEFAULT NULL,
  PRIMARY KEY (model)
)
ENGINE = INNODB,
AVG_ROW_LENGTH = 160,
CHARACTER SET latin1,
COLLATE latin1_swedish_ci;

--
-- Create table `user_licenses`
--
CREATE TABLE user_licenses (
  id INT(11) NOT NULL AUTO_INCREMENT,
  type VARCHAR(60) BINARY NOT NULL,
  owner VARCHAR(255) BINARY NOT NULL,
  PRIMARY KEY (id)
)
ENGINE = INNODB,
AUTO_INCREMENT = 37,
AVG_ROW_LENGTH = 101,
CHARACTER SET utf8mb4,
COLLATE utf8mb4_bin;

--
-- Create table `user_convictions`
--
CREATE TABLE user_convictions (
  id INT(11) NOT NULL AUTO_INCREMENT,
  char_id INT(11) DEFAULT NULL,
  offense VARCHAR(255) DEFAULT NULL,
  count INT(11) DEFAULT NULL,
  PRIMARY KEY (id)
)
ENGINE = INNODB,
AUTO_INCREMENT = 9,
AVG_ROW_LENGTH = 114,
CHARACTER SET latin1,
COLLATE latin1_swedish_ci;

--
-- Create table `users`
--
CREATE TABLE users (
  id INT(11) NOT NULL AUTO_INCREMENT,
  identifier VARCHAR(255) BINARY NOT NULL,
  accounts LONGTEXT BINARY DEFAULT NULL,
  `group` VARCHAR(50) BINARY DEFAULT 'user',
  inventory LONGTEXT BINARY DEFAULT NULL,
  job VARCHAR(20) BINARY DEFAULT 'unemployed',
  job_grade INT(11) DEFAULT 0,
  loadout LONGTEXT BINARY DEFAULT NULL,
  `position` VARCHAR(255) BINARY DEFAULT '{"x":-1090.12,"y":-2726.67,"z":-7.41,"heading":230.5}',
  status LONGTEXT BINARY DEFAULT NULL,
  skin LONGTEXT BINARY DEFAULT NULL,
  firstname VARCHAR(50) BINARY DEFAULT '',
  lastname VARCHAR(50) BINARY DEFAULT '',
  dateofbirth VARCHAR(25) BINARY DEFAULT '',
  sex VARCHAR(10) BINARY DEFAULT '',
  height VARCHAR(5) BINARY DEFAULT '',
  is_dead TINYINT(1) DEFAULT 0,
  phone_number VARCHAR(10) BINARY DEFAULT NULL,
  tattoos LONGTEXT BINARY DEFAULT '[]',
  jail INT(1) NOT NULL DEFAULT 0,
  house LONGTEXT BINARY NOT NULL DEFAULT '{"owns":false,"furniture":[],"houseId":0}',
  bought_furniture LONGTEXT BINARY NOT NULL DEFAULT '{}',
  last_house INT(11) DEFAULT 0,
  crypto LONGTEXT BINARY DEFAULT '{"bitcoin": 0, "ethereum": 0, "bitcoin-cash": 0, "bitcoin-sv": 0, "litecoin": 0, "binance-coin": 0, "monero": 0, "dash": 0, "zcash": 0, "maker": 0}',
  PRIMARY KEY (identifier),
  UNIQUE INDEX id(id)
)
ENGINE = INNODB,
AUTO_INCREMENT = 73,
AVG_ROW_LENGTH = 2178,
CHARACTER SET utf8mb4,
COLLATE utf8mb4_bin;

--
-- Create table `society_moneywash`
--
CREATE TABLE society_moneywash (
  id INT(11) NOT NULL AUTO_INCREMENT,
  identifier VARCHAR(60) BINARY NOT NULL,
  society VARCHAR(60) BINARY NOT NULL,
  amount INT(11) NOT NULL,
  PRIMARY KEY (id)
)
ENGINE = INNODB,
AUTO_INCREMENT = 27,
CHARACTER SET utf8mb4,
COLLATE utf8mb4_bin;

--
-- Create table `saved_coords`
--
CREATE TABLE saved_coords (
  description LONGTEXT DEFAULT NULL,
  x INT(255) DEFAULT NULL,
  y INT(255) DEFAULT NULL,
  z INT(255) DEFAULT NULL,
  h INT(255) DEFAULT NULL,
  type VARCHAR(255) DEFAULT NULL,
  savedby VARCHAR(255) DEFAULT NULL
)
ENGINE = INNODB,
AVG_ROW_LENGTH = 1638,
CHARACTER SET utf8mb4,
COLLATE utf8mb4_general_ci;

--
-- Create table `rented_vehicles`
--
CREATE TABLE rented_vehicles (
  vehicle VARCHAR(60) BINARY NOT NULL,
  plate VARCHAR(12) BINARY NOT NULL,
  player_name VARCHAR(255) BINARY NOT NULL,
  base_price INT(11) NOT NULL,
  rent_price INT(11) NOT NULL,
  owner VARCHAR(22) BINARY NOT NULL,
  PRIMARY KEY (plate)
)
ENGINE = INNODB,
CHARACTER SET utf8mb4,
COLLATE utf8mb4_bin;

--
-- Create table `phone_users_contacts`
--
CREATE TABLE phone_users_contacts (
  id INT(11) NOT NULL AUTO_INCREMENT,
  identifier VARCHAR(60) CHARACTER SET utf8mb4 COLLATE utf8mb4_general_ci DEFAULT NULL,
  number VARCHAR(10) CHARACTER SET utf8mb4 COLLATE utf8mb4_general_ci DEFAULT NULL,
  display VARCHAR(64) CHARACTER SET utf8mb4 COLLATE utf8mb4_general_ci NOT NULL DEFAULT '-1',
  PRIMARY KEY (id)
)
ENGINE = MYISAM,
AUTO_INCREMENT = 12,
CHARACTER SET utf8,
CHECKSUM = 0,
COLLATE utf8_general_ci;

--
-- Create table `phone_shops`
--
CREATE TABLE phone_shops (
  id INT(11) NOT NULL AUTO_INCREMENT,
  store VARCHAR(255) NOT NULL,
  item VARCHAR(100) NOT NULL,
  price INT(11) NOT NULL,
  label VARCHAR(100) NOT NULL,
  PRIMARY KEY (id)
)
ENGINE = INNODB,
AUTO_INCREMENT = 21,
AVG_ROW_LENGTH = 8192,
CHARACTER SET latin1,
COLLATE latin1_swedish_ci;

--
-- Create table `phone_reddit`
--
CREATE TABLE phone_reddit (
  id INT(11) NOT NULL AUTO_INCREMENT,
  redgkit VARCHAR(20) DEFAULT NULL,
  reditsage VARCHAR(255) DEFAULT NULL,
  time TIMESTAMP NOT NULL DEFAULT current_timestamp(),
  PRIMARY KEY (id)
)
ENGINE = INNODB,
CHARACTER SET utf8,
COLLATE utf8_general_ci;

--
-- Create table `phone_messages`
--
CREATE TABLE phone_messages (
  id INT(11) NOT NULL AUTO_INCREMENT,
  transmitter VARCHAR(10) NOT NULL,
  receiver VARCHAR(10) NOT NULL,
  message VARCHAR(255) NOT NULL DEFAULT '0',
  time TIMESTAMP NOT NULL DEFAULT current_timestamp(),
  isRead INT(11) NOT NULL DEFAULT 0,
  owner INT(11) NOT NULL DEFAULT 0,
  PRIMARY KEY (id)
)
ENGINE = MYISAM,
AUTO_INCREMENT = 35,
CHARACTER SET utf8,
CHECKSUM = 0,
COLLATE utf8_general_ci;

--
-- Create table `phone_ch_reddit`
--
CREATE TABLE phone_ch_reddit (
  id INT(11) NOT NULL AUTO_INCREMENT,
  redgkit VARCHAR(20) NOT NULL,
  time TIMESTAMP NOT NULL DEFAULT current_timestamp(),
  PRIMARY KEY (id)
)
ENGINE = INNODB,
CHARACTER SET utf8,
COLLATE utf8_general_ci;

--
-- Create table `phone_calls`
--
CREATE TABLE phone_calls (
  id INT(11) NOT NULL AUTO_INCREMENT,
  owner VARCHAR(10) NOT NULL COMMENT 'Num tel proprio',
  num VARCHAR(10) NOT NULL COMMENT 'Num reférence du contact',
  incoming INT(11) NOT NULL COMMENT 'Défini si on est à l''origine de l''appels',
  time TIMESTAMP NOT NULL DEFAULT current_timestamp(),
  accepts INT(11) NOT NULL COMMENT 'Appels accepter ou pas',
  PRIMARY KEY (id)
)
ENGINE = INNODB,
AUTO_INCREMENT = 60,
CHARACTER SET utf8,
COLLATE utf8_general_ci;

--
-- Create table `phone_app_chat`
--
CREATE TABLE phone_app_chat (
  id INT(11) NOT NULL AUTO_INCREMENT,
  channel VARCHAR(20) NOT NULL,
  message VARCHAR(255) NOT NULL,
  time TIMESTAMP NOT NULL DEFAULT current_timestamp(),
  PRIMARY KEY (id)
)
ENGINE = INNODB,
AUTO_INCREMENT = 30,
AVG_ROW_LENGTH = 8192,
CHARACTER SET utf8,
COLLATE utf8_general_ci;

--
-- Create table `owned_vehicles_jobs`
--
CREATE TABLE owned_vehicles_jobs (
  vehicle LONGTEXT CHARACTER SET latin1 COLLATE latin1_swedish_ci NOT NULL,
  owner VARCHAR(60) CHARACTER SET latin1 COLLATE latin1_swedish_ci NOT NULL,
  `stored` TINYINT(1) NOT NULL DEFAULT 0,
  plate VARCHAR(50) CHARACTER SET latin1 COLLATE latin1_swedish_ci NOT NULL,
  type VARCHAR(10) CHARACTER SET latin1 COLLATE latin1_swedish_ci NOT NULL DEFAULT 'car',
  job VARCHAR(50) CHARACTER SET latin1 COLLATE latin1_swedish_ci DEFAULT NULL,
  PRIMARY KEY (plate)
)
ENGINE = INNODB,
AVG_ROW_LENGTH = 1938,
CHARACTER SET utf8,
COLLATE utf8_general_ci;

--
-- Create index `vehsowned` on table `owned_vehicles_jobs`
--
ALTER TABLE owned_vehicles_jobs 
  ADD INDEX vehsowned(owner);

--
-- Create table `owned_vehicles`
--
CREATE TABLE owned_vehicles (
  owner VARCHAR(60) NOT NULL,
  plate VARCHAR(50) NOT NULL,
  vehicle LONGTEXT NOT NULL,
  type VARCHAR(10) NOT NULL DEFAULT 'car',
  job VARCHAR(50) DEFAULT NULL,
  `stored` TINYINT(1) NOT NULL DEFAULT 0 COMMENT 'State of the vehicle',
  modelname VARCHAR(45) DEFAULT NULL,
  lasthouse INT(11) DEFAULT 0,
  tunerdata LONGTEXT DEFAULT '{}',
  PRIMARY KEY (plate)
)
ENGINE = INNODB,
AVG_ROW_LENGTH = 1650,
CHARACTER SET utf8mb4,
COLLATE utf8mb4_general_ci;

--
-- Create index `vehsowned` on table `owned_vehicles`
--
ALTER TABLE owned_vehicles 
  ADD INDEX vehsowned(owner);

--
-- Create table `motels`
--
CREATE TABLE motels (
  id BIGINT(255) NOT NULL AUTO_INCREMENT,
  ident VARCHAR(50) NOT NULL,
  motel_id VARCHAR(50) NOT NULL,
  PRIMARY KEY (id)
)
ENGINE = INNODB,
AUTO_INCREMENT = 13,
AVG_ROW_LENGTH = 546,
CHARACTER SET utf8mb4,
COLLATE utf8mb4_general_ci;

--
-- Create index `ident` on table `motels`
--
ALTER TABLE motels 
  ADD INDEX ident(ident);

--
-- Create index `motel_id` on table `motels`
--
ALTER TABLE motels 
  ADD INDEX motel_id(motel_id);

--
-- Create table `mdt_warrants`
--
CREATE TABLE mdt_warrants (
  id INT(11) NOT NULL AUTO_INCREMENT,
  name VARCHAR(255) DEFAULT NULL,
  char_id INT(11) DEFAULT NULL,
  report_id INT(11) DEFAULT NULL,
  report_title VARCHAR(255) DEFAULT NULL,
  charges LONGTEXT DEFAULT NULL,
  date VARCHAR(255) DEFAULT NULL,
  expire VARCHAR(255) DEFAULT NULL,
  notes VARCHAR(255) DEFAULT NULL,
  author VARCHAR(255) DEFAULT NULL,
  PRIMARY KEY (id)
)
ENGINE = INNODB,
AUTO_INCREMENT = 2,
CHARACTER SET latin1,
COLLATE latin1_swedish_ci;

--
-- Create table `mdt_vehicle`
--
CREATE TABLE mdt_vehicle (
  id INT(11) NOT NULL AUTO_INCREMENT,
  plate VARCHAR(255) DEFAULT NULL,
  stolen BIT(1) DEFAULT b'0',
  notes VARCHAR(255) DEFAULT NULL,
  PRIMARY KEY (id)
)
ENGINE = INNODB,
CHARACTER SET latin1,
COLLATE latin1_swedish_ci;

--
-- Create table `mdt_user`
--
CREATE TABLE mdt_user (
  id INT(11) NOT NULL AUTO_INCREMENT,
  char_id INT(11) DEFAULT NULL,
  notes VARCHAR(255) DEFAULT NULL,
  mugshot_url VARCHAR(255) DEFAULT NULL,
  bail BIT(1) DEFAULT NULL,
  PRIMARY KEY (id)
)
ENGINE = INNODB,
AUTO_INCREMENT = 2,
AVG_ROW_LENGTH = 16384,
CHARACTER SET latin1,
COLLATE latin1_swedish_ci;

--
-- Create table `mdt_reports`
--
CREATE TABLE mdt_reports (
  id INT(11) NOT NULL AUTO_INCREMENT,
  char_id INT(11) DEFAULT NULL,
  title VARCHAR(255) DEFAULT NULL,
  incident LONGTEXT DEFAULT NULL,
  charges LONGTEXT DEFAULT NULL,
  author VARCHAR(255) DEFAULT NULL,
  name VARCHAR(255) DEFAULT NULL,
  date VARCHAR(255) DEFAULT NULL,
  jailtime INT(11) DEFAULT NULL,
  PRIMARY KEY (id)
)
ENGINE = INNODB,
AUTO_INCREMENT = 13,
AVG_ROW_LENGTH = 5461,
CHARACTER SET latin1,
COLLATE latin1_swedish_ci;

--
-- Create table `mdt_convictions`
--
CREATE TABLE mdt_convictions (
  id INT(11) NOT NULL AUTO_INCREMENT,
  char_id INT(11) DEFAULT NULL,
  offense VARCHAR(255) DEFAULT NULL,
  count INT(11) DEFAULT NULL,
  PRIMARY KEY (id)
)
ENGINE = INNODB,
AUTO_INCREMENT = 6,
AVG_ROW_LENGTH = 4096,
CHARACTER SET latin1,
COLLATE latin1_swedish_ci;

--
-- Create table `licenses`
--
CREATE TABLE licenses (
  type VARCHAR(60) BINARY NOT NULL,
  label VARCHAR(60) BINARY NOT NULL,
  PRIMARY KEY (type)
)
ENGINE = INNODB,
AVG_ROW_LENGTH = 3276,
CHARACTER SET utf8mb4,
COLLATE utf8mb4_bin;

--
-- Create table `job_grades`
--
CREATE TABLE job_grades (
  id INT(11) NOT NULL AUTO_INCREMENT,
  job_name VARCHAR(50) BINARY DEFAULT NULL,
  grade INT(11) NOT NULL,
  name VARCHAR(50) BINARY NOT NULL,
  label VARCHAR(50) BINARY NOT NULL,
  salary INT(11) NOT NULL,
  skin_male LONGTEXT BINARY NOT NULL,
  skin_female LONGTEXT BINARY NOT NULL,
  PRIMARY KEY (id)
)
ENGINE = INNODB,
AUTO_INCREMENT = 114,
AVG_ROW_LENGTH = 558,
CHARACTER SET utf8mb4,
COLLATE utf8mb4_bin;

--
-- Create table `jobs`
--
CREATE TABLE jobs (
  name VARCHAR(50) BINARY NOT NULL,
  label VARCHAR(50) BINARY DEFAULT NULL,
  whitelisted TINYINT(1) NOT NULL DEFAULT 0,
  PRIMARY KEY (name)
)
ENGINE = INNODB,
AVG_ROW_LENGTH = 819,
CHARACTER SET utf8mb4,
COLLATE utf8mb4_bin;

--
-- Create table `items`
--
CREATE TABLE items (
  name VARCHAR(50) BINARY NOT NULL,
  label VARCHAR(50) BINARY NOT NULL,
  weight INT(11) NOT NULL DEFAULT 1,
  rare TINYINT(1) NOT NULL DEFAULT 0,
  can_remove TINYINT(1) NOT NULL DEFAULT 1,
  price INT(10) NOT NULL DEFAULT 10,
  PRIMARY KEY (name)
)
ENGINE = INNODB,
AVG_ROW_LENGTH = 84,
CHARACTER SET utf8mb4,
COLLATE utf8mb4_bin;

--
-- Create table `inventories`
--
CREATE TABLE inventories (
  id INT(11) NOT NULL AUTO_INCREMENT,
  owner TEXT NOT NULL,
  type VARCHAR(50) NOT NULL,
  data LONGTEXT NOT NULL,
  `limit` INT(11) NOT NULL DEFAULT 100,
  PRIMARY KEY (id)
)
ENGINE = INNODB,
AUTO_INCREMENT = 31,
AVG_ROW_LENGTH = 2730,
CHARACTER SET utf8mb4,
COLLATE utf8mb4_general_ci;

--
-- Create table `impound`
--
CREATE TABLE impound (
  plate VARCHAR(12) NOT NULL,
  officer VARCHAR(255) DEFAULT NULL,
  mechanic VARCHAR(255) DEFAULT NULL,
  releasedate VARCHAR(25) DEFAULT NULL,
  fee DOUBLE NOT NULL,
  reason TEXT NOT NULL,
  notes TEXT DEFAULT NULL,
  vehicle TEXT NOT NULL,
  identifier VARCHAR(50) NOT NULL,
  PRIMARY KEY (plate)
)
ENGINE = INNODB,
AVG_ROW_LENGTH = 3276,
CHARACTER SET latin1,
COLLATE latin1_swedish_ci;

--
-- Create table `fine_types`
--
CREATE TABLE fine_types (
  id INT(11) NOT NULL AUTO_INCREMENT,
  label VARCHAR(255) CHARACTER SET utf8mb4 COLLATE utf8mb4_general_ci DEFAULT NULL,
  amount INT(11) DEFAULT NULL,
  category INT(11) DEFAULT NULL,
  jailtime INT(11) DEFAULT NULL,
  PRIMARY KEY (id)
)
ENGINE = INNODB,
AUTO_INCREMENT = 1315,
AVG_ROW_LENGTH = 168,
CHARACTER SET utf8,
COLLATE utf8_general_ci;

--
-- Create table `datastore_data`
--
CREATE TABLE datastore_data (
  id INT(11) NOT NULL AUTO_INCREMENT,
  name VARCHAR(60) BINARY NOT NULL,
  owner VARCHAR(60) BINARY DEFAULT NULL,
  data LONGTEXT BINARY DEFAULT NULL,
  PRIMARY KEY (id)
)
ENGINE = INNODB,
AUTO_INCREMENT = 473,
AVG_ROW_LENGTH = 330,
CHARACTER SET utf8mb4,
COLLATE utf8mb4_bin;

--
-- Create index `index_datastore_data_name` on table `datastore_data`
--
ALTER TABLE datastore_data 
  ADD INDEX index_datastore_data_name(name);

--
-- Create index `index_datastore_data_name_owner` on table `datastore_data`
--
ALTER TABLE datastore_data 
  ADD UNIQUE INDEX index_datastore_data_name_owner(name, owner);

--
-- Create table `datastore`
--
CREATE TABLE datastore (
  name VARCHAR(60) BINARY NOT NULL,
  label VARCHAR(100) BINARY NOT NULL,
  shared INT(11) NOT NULL,
  PRIMARY KEY (name)
)
ENGINE = INNODB,
AVG_ROW_LENGTH = 862,
CHARACTER SET utf8mb4,
COLLATE utf8mb4_bin;

--
-- Create table `cardealer_vehicles`
--
CREATE TABLE cardealer_vehicles (
  id INT(11) NOT NULL AUTO_INCREMENT,
  vehicle VARCHAR(255) NOT NULL,
  price INT(11) NOT NULL,
  PRIMARY KEY (id)
)
ENGINE = INNODB,
CHARACTER SET latin1,
COLLATE latin1_swedish_ci;

--
-- Create table `bwh_warnings`
--
CREATE TABLE bwh_warnings (
  id INT(11) NOT NULL AUTO_INCREMENT,
  receiver MEDIUMTEXT BINARY NOT NULL,
  sender VARCHAR(60) BINARY NOT NULL,
  message MEDIUMTEXT BINARY NOT NULL,
  PRIMARY KEY (id)
)
ENGINE = INNODB,
AUTO_INCREMENT = 2,
CHARACTER SET utf8mb4,
COLLATE utf8mb4_bin;

--
-- Create table `bwh_identifiers`
--
CREATE TABLE bwh_identifiers (
  steam VARCHAR(60) BINARY NOT NULL,
  license VARCHAR(60) BINARY NOT NULL,
  ip VARCHAR(60) BINARY NOT NULL,
  name VARCHAR(128) CHARACTER SET utf8mb4 COLLATE utf8mb4_general_ci NOT NULL,
  xbl VARCHAR(60) BINARY DEFAULT NULL,
  live VARCHAR(60) BINARY DEFAULT NULL,
  discord VARCHAR(60) BINARY DEFAULT NULL,
  fivem VARCHAR(60) BINARY DEFAULT NULL,
  PRIMARY KEY (steam)
)
ENGINE = INNODB,
AVG_ROW_LENGTH = 2730,
CHARACTER SET utf8mb4,
COLLATE utf8mb4_bin;

--
-- Create table `bwh_bans`
--
CREATE TABLE bwh_bans (
  id INT(11) NOT NULL AUTO_INCREMENT,
  receiver MEDIUMTEXT BINARY NOT NULL,
  sender VARCHAR(60) BINARY NOT NULL,
  length DATETIME DEFAULT NULL,
  reason MEDIUMTEXT BINARY NOT NULL,
  unbanned TINYINT(4) NOT NULL DEFAULT 0,
  PRIMARY KEY (id)
)
ENGINE = INNODB,
AUTO_INCREMENT = 2,
CHARACTER SET utf8mb4,
COLLATE utf8mb4_bin;

--
-- Create table `bought_houses`
--
CREATE TABLE bought_houses (
  houseid INT(50) NOT NULL,
  PRIMARY KEY (houseid)
)
ENGINE = INNODB,
AVG_ROW_LENGTH = 5461,
CHARACTER SET utf8,
COLLATE utf8_general_ci;

--
-- Create table `billing`
--
CREATE TABLE billing (
  id INT(11) NOT NULL AUTO_INCREMENT,
  identifier VARCHAR(255) BINARY NOT NULL,
  sender VARCHAR(255) BINARY NOT NULL,
  target_type VARCHAR(255) BINARY NOT NULL,
  target VARCHAR(255) BINARY NOT NULL,
  label LONGTEXT BINARY NOT NULL DEFAULT '0',
  amount INT(11) NOT NULL,
  PRIMARY KEY (id)
)
ENGINE = INNODB,
AUTO_INCREMENT = 19,
AVG_ROW_LENGTH = 409,
CHARACTER SET utf8mb4,
COLLATE utf8mb4_bin;

--
-- Create table `bank_transfer`
--
CREATE TABLE bank_transfer (
  id INT(11) NOT NULL AUTO_INCREMENT,
  type INT(11) NOT NULL,
  identifier VARCHAR(50) NOT NULL,
  price VARCHAR(50) NOT NULL,
  name VARCHAR(50) NOT NULL,
  time TIMESTAMP NOT NULL DEFAULT current_timestamp() ON UPDATE CURRENT_TIMESTAMP,
  PRIMARY KEY (id)
)
ENGINE = INNODB,
AUTO_INCREMENT = 7,
CHARACTER SET utf8mb4,
COLLATE utf8mb4_general_ci;

--
-- Create table `addon_inventory_items`
--
CREATE TABLE addon_inventory_items (
  id INT(11) NOT NULL AUTO_INCREMENT,
  inventory_name VARCHAR(100) BINARY NOT NULL,
  name VARCHAR(100) BINARY NOT NULL,
  count INT(11) NOT NULL,
  owner VARCHAR(60) BINARY DEFAULT NULL,
  PRIMARY KEY (id)
)
ENGINE = INNODB,
AUTO_INCREMENT = 173,
AVG_ROW_LENGTH = 200,
CHARACTER SET utf8mb4,
COLLATE utf8mb4_bin;

--
-- Create index `index_addon_inventory_inventory_name` on table `addon_inventory_items`
--
ALTER TABLE addon_inventory_items 
  ADD INDEX index_addon_inventory_inventory_name(inventory_name);

--
-- Create index `index_addon_inventory_items_inventory_name_name` on table `addon_inventory_items`
--
ALTER TABLE addon_inventory_items 
  ADD INDEX index_addon_inventory_items_inventory_name_name(inventory_name, name);

--
-- Create index `index_addon_inventory_items_inventory_name_name_owner` on table `addon_inventory_items`
--
ALTER TABLE addon_inventory_items 
  ADD INDEX index_addon_inventory_items_inventory_name_name_owner(inventory_name, name, owner);

--
-- Create table `addon_inventory`
--
CREATE TABLE addon_inventory (
  name VARCHAR(60) BINARY NOT NULL,
  label VARCHAR(100) BINARY NOT NULL,
  shared INT(11) NOT NULL,
  PRIMARY KEY (name)
)
ENGINE = INNODB,
AVG_ROW_LENGTH = 963,
CHARACTER SET utf8mb4,
COLLATE utf8mb4_bin;

--
-- Create table `addon_account_data`
--
CREATE TABLE addon_account_data (
  id INT(11) NOT NULL AUTO_INCREMENT,
  account_name VARCHAR(100) BINARY DEFAULT NULL,
  money INT(11) NOT NULL,
  owner VARCHAR(60) BINARY DEFAULT NULL,
  PRIMARY KEY (id)
)
ENGINE = INNODB,
AUTO_INCREMENT = 159,
AVG_ROW_LENGTH = 179,
CHARACTER SET utf8mb4,
COLLATE utf8mb4_bin;

--
-- Create index `index_addon_account_data_account_name` on table `addon_account_data`
--
ALTER TABLE addon_account_data 
  ADD INDEX index_addon_account_data_account_name(account_name);

--
-- Create index `index_addon_account_data_account_name_owner` on table `addon_account_data`
--
ALTER TABLE addon_account_data 
  ADD UNIQUE INDEX index_addon_account_data_account_name_owner(account_name, owner);

--
-- Create table `addon_account`
--
CREATE TABLE addon_account (
  name VARCHAR(60) BINARY NOT NULL,
  label VARCHAR(100) BINARY NOT NULL,
  shared INT(11) NOT NULL,
  PRIMARY KEY (name)
)
ENGINE = INNODB,
AVG_ROW_LENGTH = 1024,
CHARACTER SET utf8mb4,
COLLATE utf8mb4_bin;

-- 
-- Dumping data for table twitter_accounts
--
-- Table s6_server.twitter_accounts does not contain any data (it is empty)

-- 
-- Dumping data for table insto_accounts
--
-- Table s6_server.insto_accounts does not contain any data (it is empty)

-- 
-- Dumping data for table twitter_tweets
--
-- Table s6_server.twitter_tweets does not contain any data (it is empty)

-- 
-- Dumping data for table insto_instas
--
-- Table s6_server.insto_instas does not contain any data (it is empty)

-- 
-- Dumping data for table yellow_tweets
--
-- Table s6_server.yellow_tweets does not contain any data (it is empty)

-- 
-- Dumping data for table warehouse
--
INSERT INTO warehouse VALUES
('6fe9238e740a9f9c0def9a0743d40c04f6418823', '[{"z":-40.0,"x":1088.61,"y":-3096.4,"created":false,"slot":"s1_1","empty":true,"obj":"ex_prop_crate_pharma_sc"},{"z":-37.82,"x":1088.61,"y":-3096.4,"created":false,"slot":"s1_2","empty":true,"obj":"ex_prop_crate_biohazard_sc"},{"z":-40.0,"x":1091.38,"y":-3096.4,"created":false,"slot":"s2_1","empty":true,"obj":"ex_prop_crate_gems_sc"},{"z":-37.82,"x":1091.38,"y":-3096.4,"created":false,"slot":"s2_2","empty":true,"obj":"ex_prop_crate_elec_sc"},{"z":-40.0,"x":1095.13,"y":-3096.4,"created":false,"slot":"s3_1","empty":true,"obj":"ex_prop_crate_narc_sc"},{"z":-37.82,"x":1095.13,"y":-3096.4,"created":false,"slot":"s3_2","empty":true,"obj":"ex_prop_crate_tob_sc"},{"z":-40.0,"x":1097.51,"y":-3096.4,"created":false,"slot":"s4_1","empty":true,"obj":"ex_prop_crate_wlife_sc"},{"z":-37.82,"x":1097.51,"y":-3096.4,"created":false,"slot":"s4_2","empty":true,"obj":"ex_prop_crate_ammo_sc"},{"z":-40.0,"x":1101.31,"y":-3096.4,"created":false,"slot":"s5_1","empty":true,"obj":"ex_prop_crate_art_02_sc"},{"z":-37.82,"x":1101.31,"y":-3096.4,"created":false,"slot":"s5_2","empty":true,"obj":"ex_prop_crate_art_bc"},{"z":-40.0,"x":1104.0,"y":-3096.4,"created":false,"slot":"s6_1","empty":true,"obj":"ex_prop_crate_art_sc"},{"z":-37.82,"x":1104.0,"y":-3096.4,"created":false,"slot":"s6_2","empty":true,"obj":"ex_prop_crate_art_02_bc"}]'),
('953081fbdda3367962e47de17f3702408589c962', '[{"y":-3096.4,"x":1088.61,"created":false,"obj":"ex_prop_crate_pharma_sc","slot":"s1_1","empty":true,"z":-40.0},{"y":-3096.4,"x":1088.61,"created":false,"obj":"ex_prop_crate_biohazard_sc","slot":"s1_2","empty":true,"z":-37.82},{"y":-3096.4,"x":1091.38,"created":false,"obj":"ex_prop_crate_gems_sc","slot":"s2_1","empty":true,"z":-40.0},{"y":-3096.4,"x":1091.38,"created":false,"obj":"ex_prop_crate_elec_sc","slot":"s2_2","empty":true,"z":-37.82},{"y":-3096.4,"x":1095.13,"created":false,"obj":"ex_prop_crate_narc_sc","slot":"s3_1","empty":true,"z":-40.0},{"y":-3096.4,"x":1095.13,"created":false,"obj":"ex_prop_crate_tob_sc","slot":"s3_2","empty":true,"z":-37.82},{"y":-3096.4,"x":1097.51,"created":false,"obj":"ex_prop_crate_wlife_sc","slot":"s4_1","empty":true,"z":-40.0},{"y":-3096.4,"x":1097.51,"created":false,"obj":"ex_prop_crate_ammo_sc","slot":"s4_2","empty":true,"z":-37.82},{"y":-3096.4,"x":1101.31,"created":false,"obj":"ex_prop_crate_art_02_sc","slot":"s5_1","empty":true,"z":-40.0},{"y":-3096.4,"x":1101.31,"created":false,"obj":"ex_prop_crate_art_bc","slot":"s5_2","empty":true,"z":-37.82},{"y":-3096.4,"x":1104.0,"created":false,"obj":"ex_prop_crate_art_sc","slot":"s6_1","empty":true,"z":-40.0},{"y":-3096.4,"x":1104.0,"created":false,"obj":"ex_prop_crate_art_02_bc","slot":"s6_2","empty":true,"z":-37.82}]'),
('a79ce0e2bc48bfe4d926f712cf0d568fc140a8af', '[{"z":-40.0,"x":1088.61,"y":-3096.4,"created":false,"slot":"s1_1","empty":true,"obj":"ex_prop_crate_pharma_sc"},{"z":-37.82,"x":1088.61,"y":-3096.4,"created":false,"slot":"s1_2","empty":true,"obj":"ex_prop_crate_biohazard_sc"},{"z":-40.0,"x":1091.38,"y":-3096.4,"created":false,"slot":"s2_1","empty":true,"obj":"ex_prop_crate_gems_sc"},{"z":-37.82,"x":1091.38,"y":-3096.4,"created":false,"slot":"s2_2","empty":true,"obj":"ex_prop_crate_elec_sc"},{"z":-40.0,"x":1095.13,"y":-3096.4,"created":false,"slot":"s3_1","empty":true,"obj":"ex_prop_crate_narc_sc"},{"z":-37.82,"x":1095.13,"y":-3096.4,"created":false,"slot":"s3_2","empty":true,"obj":"ex_prop_crate_tob_sc"},{"z":-40.0,"x":1097.51,"y":-3096.4,"created":false,"slot":"s4_1","empty":true,"obj":"ex_prop_crate_wlife_sc"},{"z":-37.82,"x":1097.51,"y":-3096.4,"created":false,"slot":"s4_2","empty":true,"obj":"ex_prop_crate_ammo_sc"},{"z":-40.0,"x":1101.31,"y":-3096.4,"created":false,"slot":"s5_1","empty":true,"obj":"ex_prop_crate_art_02_sc"},{"z":-37.82,"x":1101.31,"y":-3096.4,"created":false,"slot":"s5_2","empty":true,"obj":"ex_prop_crate_art_bc"},{"z":-40.0,"x":1104.0,"y":-3096.4,"created":false,"slot":"s6_1","empty":true,"obj":"ex_prop_crate_art_sc"},{"z":-37.82,"x":1104.0,"y":-3096.4,"created":false,"slot":"s6_2","empty":true,"obj":"ex_prop_crate_art_02_bc"}]'),
('b99c43aee4bd7db870488551ea9a231c701b1e8e', '[{"empty":true,"slot":"s1_1","x":1088.61,"z":-40.0,"y":-3096.4,"obj":"ex_prop_crate_pharma_sc","created":false},{"empty":true,"slot":"s1_2","x":1088.61,"z":-37.82,"y":-3096.4,"obj":"ex_prop_crate_biohazard_sc","created":false},{"empty":true,"slot":"s2_1","x":1091.38,"z":-40.0,"y":-3096.4,"obj":"ex_prop_crate_gems_sc","created":false},{"empty":true,"slot":"s2_2","x":1091.38,"z":-37.82,"y":-3096.4,"obj":"ex_prop_crate_elec_sc","created":false},{"empty":true,"slot":"s3_1","x":1095.13,"z":-40.0,"y":-3096.4,"obj":"ex_prop_crate_narc_sc","created":false},{"empty":true,"slot":"s3_2","x":1095.13,"z":-37.82,"y":-3096.4,"obj":"ex_prop_crate_tob_sc","created":false},{"empty":true,"slot":"s4_1","x":1097.51,"z":-40.0,"y":-3096.4,"obj":"ex_prop_crate_wlife_sc","created":false},{"empty":true,"slot":"s4_2","x":1097.51,"z":-37.82,"y":-3096.4,"obj":"ex_prop_crate_ammo_sc","created":false},{"empty":true,"slot":"s5_1","x":1101.31,"z":-40.0,"y":-3096.4,"obj":"ex_prop_crate_art_02_sc","created":false},{"empty":true,"slot":"s5_2","x":1101.31,"z":-37.82,"y":-3096.4,"obj":"ex_prop_crate_art_bc","created":false},{"empty":true,"slot":"s6_1","x":1104.0,"z":-40.0,"y":-3096.4,"obj":"ex_prop_crate_art_sc","created":false},{"empty":true,"slot":"s6_2","x":1104.0,"z":-37.82,"y":-3096.4,"obj":"ex_prop_crate_art_02_bc","created":false}]'),
('ccb6433f3e4c1a6c6ed85bbd1974c1857d0b167f', '[{"z":-40.0,"x":1088.61,"y":-3096.4,"created":false,"slot":"s1_1","empty":true,"obj":"ex_prop_crate_pharma_sc"},{"z":-37.82,"x":1088.61,"y":-3096.4,"created":false,"slot":"s1_2","empty":true,"obj":"ex_prop_crate_biohazard_sc"},{"z":-40.0,"x":1091.38,"y":-3096.4,"created":false,"slot":"s2_1","empty":true,"obj":"ex_prop_crate_gems_sc"},{"z":-37.82,"x":1091.38,"y":-3096.4,"created":false,"slot":"s2_2","empty":true,"obj":"ex_prop_crate_elec_sc"},{"z":-40.0,"x":1095.13,"y":-3096.4,"created":false,"slot":"s3_1","empty":true,"obj":"ex_prop_crate_narc_sc"},{"z":-37.82,"x":1095.13,"y":-3096.4,"created":false,"slot":"s3_2","empty":true,"obj":"ex_prop_crate_tob_sc"},{"z":-40.0,"x":1097.51,"y":-3096.4,"created":false,"slot":"s4_1","empty":true,"obj":"ex_prop_crate_wlife_sc"},{"z":-37.82,"x":1097.51,"y":-3096.4,"created":false,"slot":"s4_2","empty":true,"obj":"ex_prop_crate_ammo_sc"},{"z":-40.0,"x":1101.31,"y":-3096.4,"created":false,"slot":"s5_1","empty":true,"obj":"ex_prop_crate_art_02_sc"},{"z":-37.82,"x":1101.31,"y":-3096.4,"created":false,"slot":"s5_2","empty":true,"obj":"ex_prop_crate_art_bc"},{"z":-40.0,"x":1104.0,"y":-3096.4,"created":false,"slot":"s6_1","empty":true,"obj":"ex_prop_crate_art_sc"},{"z":-37.82,"x":1104.0,"y":-3096.4,"created":false,"slot":"s6_2","empty":true,"obj":"ex_prop_crate_art_02_bc"}]');

-- 
-- Dumping data for table vehicle_sold
--
-- Table s6_server.vehicle_sold does not contain any data (it is empty)

-- 
-- Dumping data for table vehicle_properties
--
-- Table s6_server.vehicle_properties does not contain any data (it is empty)

-- 
-- Dumping data for table vehicle_categories
--
INSERT INTO vehicle_categories VALUES
('am', 'AM'),
('audi', 'Audi'),
('bmw', 'BMW'),
('bugatti', 'Bugatti'),
('cadillac', 'Cadillac'),
('chevrolet', 'Chevrolet'),
('corvette', 'Corvette'),
('dacia', 'Dacia'),
('dodge', 'Dodge'),
('ferrari', 'Ferrari'),
('ford', 'Ford'),
('honda', 'Honda'),
('hyundai', 'Hyundai'),
('jaguar', 'Jaguar'),
('koenigsegg', 'Koenigsegg'),
('lamborghini', 'Lamborgini'),
('lotus', 'Lotus'),
('maserati', 'Maserati'),
('mazda', 'Mazda'),
('mclaren', 'Mclaren'),
('mercedes', 'Mercedes'),
('mini', 'Mini'),
('mitsubishi', 'Mitsubishi'),
('motas', 'Motas'),
('nissan', 'Nissan'),
('peugeot', 'Peugeot'),
('porsche', 'Porsche'),
('rangerover', 'Range Rover '),
('renault', 'Renault'),
('rollsroyce', 'Rolls Royce'),
('seat', 'Seat'),
('subaru', 'Subaru'),
('tesla', 'Tesla'),
('toyota', 'Toyota'),
('viper', 'Viper'),
('volkswagen', 'Volkswagen'),
('volvo', 'Volvo'),
('wm', 'Hyper ');

-- 
-- Dumping data for table vehicles
--
INSERT INTO vehicles VALUES
('16charger', '16charger', 100000, 'dodge'),
('17cliofl', '17cliofl', 18000, 'renault'),
('2019chiron', '2019chiron', 700000, 'bugatti'),
('22bbublu', '22bbublu', 150000, 'subaru'),
('300gsl', '300gsl', 300000, 'mercedes'),
('440i', '440i', 276000, 'bmw'),
('458spc', '458spc', 1000000, 'ferrari'),
('650slw', '650slw', 1100000, 'mclaren'),
('66fastback', '66fastback', 60000, 'ford'),
('720stc', '720stc', 1500000, 'mclaren'),
('745le ', '745le ', 80000, 'bmw'),
('a45', 'a45', 60000, 'mercedes'),
('a6', 'a6', 85000, 'audi'),
('alfieri', 'alfieri', 400000, 'maserati'),
('amv12', 'amv12', 225000, 'am'),
('bfinjection', 'volkswagen', 5000, 'volkswagen'),
('bmw507', 'bmw507', 1000000, 'bmw'),
('bmwm8', 'bmwm8', 900000, 'bmw'),
('bmws', 'bmws', 35000, 'motas'),
('c63tmodel', 'c63tmodel', 150000, 'mercedes'),
('cadicts', 'cadicts', 80000, 'cadillac'),
('caymanub', 'caymanub', 350000, 'porsche'),
('cb500f', 'cb500f', 20000, 'motas'),
('cbr500r', 'cbr500r', 21000, 'motas'),
('cbrr', 'cbrr', 25000, 'motas'),
('charublu', 'charublu', 90000, 'dodge'),
('clio', 'clio', 15000, 'renault'),
('cygnet11', 'cygnet11', 29999, 'am'),
('d99', 'd99', 35000, 'motas'),
('daduster', 'daduster', 20000, 'dacia'),
('db700', 'db700', 1500000, 'am'),
('dm1200', 'dm1200', 40000, 'motas'),
('e63coupe', 'e63coupe', 350000, 'mercedes'),
('e63s', 'e63s', 250000, 'mercedes'),
('evo10', 'evo10', 70000, 'mitsubishi'),
('evo9', 'evo9', 50000, 'mitsubishi'),
('evoque', 'evoque', 150000, 'rangerover'),
('explorer20', 'explorer20', 120000, 'ford'),
('f360', 'f360', 1000000, 'ferrari'),
('f4rr', 'f4rr', 50000, 'motas'),
('f50ub', 'f50ub', 1500000, 'ferrari'),
('fatboy', 'fatboy', 10000, 'motas'),
('fe86', 'fe86', 80000, 'ford'),
('fnfcivic', 'fnfcivic', 200000, 'honda'),
('focusublu ', 'focusublu ', 100000, 'ford'),
('ford', 'ford', 90000, 'ford'),
('ftype', 'ftype', 260000, 'jaguar'),
('fz07', 'fz07', 20000, 'motas'),
('g65amg', 'g65amg', 250000, 'mercedes'),
('gallardo', 'gallardo', 500000, 'lamborghini'),
('genublu', 'genublu', 35500, 'hyundai'),
('grsupra', 'grsupra', 250000, 'toyota'),
('gtr', 'gtr', 370000, 'nissan'),
('gtrublu', 'gtrublu', 270000, 'nissan'),
('hcbr17', 'hcbr17', 55000, 'motas'),
('hevo', 'hevo', 1600000, 'lamborghini'),
('hondacivictr', 'hondacivictr', 270000, 'honda'),
('ibiza', 'ibiza', 30000, 'seat'),
('ksr', 'ksr', 10000, 'motas'),
('laferublu', 'laferublu', 1400000, 'ferrari'),
('lykan', 'wm', 2500000, 'wm'),
('m3e30', 'm3e30', 75000, 'bmw'),
('m5e60', 'm5e60', 200000, 'bmw'),
('master2019', 'master2019', 40000, 'renault'),
('mcublu', 'mcublu', 700000, 'mclaren'),
('mercxclass', 'mercxclass', 176000, 'mercedes'),
('mgt', 'mgt', 400000, 'ford'),
('miniub', 'miniub', 25000, 'mini'),
('miura', 'miura', 1650000, 'lamborghini'),
('mqgts', 'mqgts', 190000, 'maserati'),
('musty5', 'musty5', 350000, 'ford'),
('mx5', 'mx5', 26000, 'mazda'),
('p1', 'p1', 2000000, 'mclaren'),
('p107', 'p107', 15000, 'peugeot'),
('p550a', 'p550a', 450000, 'porsche'),
('p911r', 'p911r', 900000, 'porsche'),
('p959', 'p959', 850000, 'porsche'),
('panamera17turbo', 'panamera17turbo', 750000, 'porsche'),
('r8ppi', 'r8ppi', 275000, 'audi'),
('rczublu', 'rczublu', 140000, 'peugeot'),
('regera', 'regera', 2100000, 'koenigsegg'),
('renmeg', 'renmeg', 35000, 'renault'),
('rmodbmwi8', 'rmodbmwi8', 1500000, 'bmw'),
('rrst', 'rrst', 150000, 'rangerover'),
('rs7', 'rs7', 190000, 'audi'),
('s60pole', 'volvo', 25000, 'volvo'),
('sandero', 'sandero', 35000, 'dacia'),
('scijo', 'volkswagen', 100000, 'volkswagen'),
('skyline', 'skyline', 200000, 'nissan'),
('st ', 'st ', 50000, 'ford'),
('subwrx', 'subwrx', 200000, 'subaru'),
('supra2', 'supra2', 300000, 'toyota'),
('surge', 'surge', 500000, 'tesla'),
('ursa', 'ursa', 400000, 'porsche'),
('vc7', 'viper', 200000, 'viper'),
('vega', 'vega', 150000, 'chevrolet'),
('vip99', 'viper', 155000, 'viper'),
('vmfenyr', 'wm', 5000000, 'wm'),
('volksci11', 'volkswagen', 70000, 'volkswagen'),
('wraith', 'wraith', 100000, 'rollsroyce'),
('x6m', 'x6m', 80000, 'bmw'),
('z48', 'z48', 140000, 'bmw');

-- 
-- Dumping data for table user_licenses
--
INSERT INTO user_licenses VALUES
(33, 'weapon', '6fe9238e740a9f9c0def9a0743d40c04f6418823'),
(34, 'weapon', 'a79ce0e2bc48bfe4d926f712cf0d568fc140a8af'),
(35, 'weapon', '953081fbdda3367962e47de17f3702408589c962'),
(36, 'weapon', 'ccb6433f3e4c1a6c6ed85bbd1974c1857d0b167f');

-- 
-- Dumping data for table user_convictions
--
-- Table s6_server.user_convictions does not contain any data (it is empty)

-- 
-- Dumping data for table users
--
INSERT INTO users VALUES
(71, '6fe9238e740a9f9c0def9a0743d40c04f6418823', '{"black_money":0,"bank":30250,"money":20000}', 'user', '[]', 'unemployed', 0, '[]', '{"y":-2728.8,"z":-7.4,"heading":51.6,"x":-1101.3}', '[{"percent":90.28,"val":902800,"name":"hunger"},{"percent":92.71000000000001,"val":927100,"name":"thirst"},{"percent":0.0,"val":0,"name":"drunk"}]', '{"chest_3":0,"complexion_1":0,"complexion_2":0,"age_2":0,"arms":26,"sun_1":0,"blemishes_2":0,"decals_2":0,"lipstick_1":0,"bodyb_2":0,"bracelets_2":0,"bproof_2":0,"blush_3":0,"shoes_2":12,"moles_2":0,"chest_1":0,"tshirt_1":63,"makeup_3":0,"blush_2":0,"lipstick_3":0,"decals_1":0,"beard_3":0,"ears_2":0,"pants_1":86,"torso_2":2,"makeup_1":0,"mask_1":0,"ears_1":4,"hair_color_1":29,"arms_2":0,"helmet_2":0,"makeup_4":0,"eyebrows_2":10,"chain_2":1,"lipstick_4":0,"tshirt_2":0,"blush_1":0,"makeup_2":0,"glasses_2":0,"mask_2":0,"eye_color":12,"bproof_1":0,"watches_1":-1,"bags_2":0,"bodyb_1":0,"eyebrows_3":0,"torso_1":60,"sex":0,"eyebrows_1":12,"eyebrows_4":0,"moles_1":0,"age_1":0,"hair_1":21,"sun_2":0,"blemishes_1":0,"beard_2":10,"chest_2":0,"helmet_1":-1,"pants_2":2,"bags_1":0,"chain_1":86,"shoes_1":7,"watches_2":0,"face":22,"bracelets_1":-1,"hair_color_2":0,"beard_1":13,"skin":0,"glasses_1":0,"beard_4":0,"hair_2":0,"lipstick_2":0}', 'Jason ', 'Derek', '15/10/1998', 'm', '185', 0, '914787249', '[]', 0, '{"owns":false,"furniture":[],"houseId":0}', '{}', 0, '{"bitcoin": 0, "ethereum": 0, "bitcoin-cash": 0, "bitcoin-sv": 0, "litecoin": 0, "binance-coin": 0, "monero": 0, "dash": 0, "zcash": 0, "maker": 0}'),
(72, 'a79ce0e2bc48bfe4d926f712cf0d568fc140a8af', '{"black_money":0,"bank":30000,"money":20000}', 'user', '[]', 'unemployed', 0, '[]', '{"y":-2704.3,"z":-7.4,"heading":70.2,"x":-1069.8}', '[{"percent":48.79,"val":487900,"name":"hunger"},{"percent":49.0925,"val":490925,"name":"thirst"},{"percent":0.0,"val":0,"name":"drunk"}]', '{"helmet_1":-1,"complexion_1":0,"complexion_2":0,"age_2":0,"arms":0,"sun_1":0,"blemishes_2":0,"decals_2":0,"lipstick_1":0,"bodyb_2":0,"hair_1":0,"bproof_2":0,"blush_3":0,"shoes_2":0,"moles_2":0,"chest_1":0,"tshirt_1":0,"makeup_3":0,"blush_2":0,"lipstick_3":0,"decals_1":0,"hair_color_2":0,"ears_2":0,"pants_1":0,"torso_2":0,"makeup_1":0,"mask_1":0,"ears_1":-1,"hair_color_1":0,"moles_1":0,"helmet_2":0,"makeup_4":0,"eyebrows_2":0,"chain_2":0,"lipstick_4":0,"tshirt_2":0,"blush_1":0,"makeup_2":0,"glasses_2":0,"mask_2":0,"eye_color":0,"bproof_1":0,"watches_2":0,"bags_2":0,"bodyb_1":0,"eyebrows_3":0,"torso_1":0,"sex":0,"beard_4":0,"eyebrows_4":0,"arms_2":0,"chest_3":0,"age_1":0,"sun_2":0,"eyebrows_1":0,"beard_2":0,"chest_2":0,"skin":0,"bracelets_2":0,"bags_1":0,"chain_1":0,"shoes_1":0,"blemishes_1":0,"watches_1":-1,"bracelets_1":-1,"face":0,"beard_1":0,"lipstick_2":0,"hair_2":0,"pants_2":0,"beard_3":0,"glasses_1":0}', 'Diogo ', 'Santos', '08/05/1997', 'm', '180', 0, '918585086', '[]', 0, '{"owns":false,"furniture":[],"houseId":0}', '{}', 0, '{"bitcoin": 0, "ethereum": 0, "bitcoin-cash": 0, "bitcoin-sv": 0, "litecoin": 0, "binance-coin": 0, "monero": 0, "dash": 0, "zcash": 0, "maker": 0}'),
(69, 'b99c43aee4bd7db870488551ea9a231c701b1e8e', '{"bank":30000,"black_money":0,"money":20000}', 'user', '[]', 'unemployed', 0, '[]', '{"x":-1357.9,"heading":212.9,"z":19.1,"y":-450.6}', '[{"val":964200,"name":"hunger","percent":96.41999999999999},{"val":973150,"name":"thirst","percent":97.315},{"val":0,"name":"drunk","percent":0.0}]', '{"ears_1":-1,"age_2":0,"torso_1":0,"helmet_1":-1,"bproof_1":0,"complexion_2":0,"lipstick_2":0,"makeup_1":0,"sun_1":0,"bodyb_1":0,"helmet_2":0,"blush_3":0,"watches_2":0,"chest_1":0,"eyebrows_2":0,"bags_1":0,"ears_2":0,"skin":0,"chest_3":0,"decals_1":0,"sex":0,"arms":0,"mask_1":0,"eyebrows_1":0,"makeup_2":0,"chain_1":0,"tshirt_2":0,"hair_1":0,"lipstick_4":0,"bproof_2":0,"beard_4":0,"sun_2":0,"shoes_2":0,"tshirt_1":0,"face":0,"shoes_1":0,"glasses_2":0,"moles_1":0,"complexion_1":0,"bracelets_1":-1,"torso_2":0,"chest_2":0,"pants_2":0,"makeup_4":0,"age_1":0,"beard_2":0,"beard_3":0,"hair_color_1":0,"glasses_1":0,"blush_1":0,"decals_2":0,"lipstick_1":0,"bodyb_2":0,"moles_2":0,"blemishes_1":0,"arms_2":0,"bags_2":0,"eye_color":0,"makeup_3":0,"blemishes_2":0,"eyebrows_4":0,"mask_2":0,"hair_color_2":0,"hair_2":0,"bracelets_2":0,"lipstick_3":0,"watches_1":-1,"chain_2":0,"eyebrows_3":0,"blush_2":0,"beard_1":0,"pants_1":0}', 'Aasdsd', 'Aasdsd', '01/01/2000', 'm', '200', 0, '916053313', '[]', 0, '{"owns":false,"furniture":[],"houseId":0}', '{}', 0, '{"bitcoin": 0, "ethereum": 0, "bitcoin-cash": 0, "bitcoin-sv": 0, "litecoin": 0, "binance-coin": 0, "monero": 0, "dash": 0, "zcash": 0, "maker": 0}'),
(70, 'ccb6433f3e4c1a6c6ed85bbd1974c1857d0b167f', '{"black_money":0,"bank":30000,"money":1011}', 'superadmin', '[]', 'police', 8, '[]', '{"y":-1015.8,"z":28.8,"heading":90.2,"x":436.5}', '[{"percent":52.01,"val":520100,"name":"hunger"},{"percent":64.0075,"val":640075,"name":"thirst"},{"percent":0.0,"val":0,"name":"drunk"}]', '{"chest_3":2,"complexion_1":0,"complexion_2":0,"age_2":0,"arms":0,"sun_1":0,"blemishes_2":0,"decals_2":0,"lipstick_1":0,"bodyb_2":0,"bracelets_2":0,"bproof_2":0,"blush_3":0,"face":0,"moles_2":0,"chest_1":0,"tshirt_1":0,"makeup_3":0,"blush_2":0,"lipstick_3":0,"decals_1":0,"hair_color_2":0,"ears_2":0,"pants_1":0,"torso_2":0,"makeup_1":0,"mask_1":0,"ears_1":-1,"hair_color_1":2,"arms_2":0,"helmet_2":0,"age_1":0,"eyebrows_2":0,"chain_2":0,"lipstick_4":0,"tshirt_2":0,"blush_1":0,"makeup_2":0,"glasses_2":0,"mask_2":0,"eye_color":0,"bproof_1":0,"watches_1":-1,"bags_2":0,"bodyb_1":0,"eyebrows_3":6,"torso_1":0,"sex":0,"glasses_1":0,"eyebrows_4":0,"skin":1,"beard_2":10,"beard_4":0,"sun_2":0,"makeup_4":0,"moles_1":0,"chest_2":2,"helmet_1":-1,"eyebrows_1":6,"bags_1":0,"chain_1":0,"shoes_1":0,"beard_3":1,"watches_2":0,"bracelets_1":-1,"shoes_2":0,"beard_1":7,"pants_2":0,"hair_2":3,"blemishes_1":0,"lipstick_2":0,"hair_1":2}', 'Tiago', 'Meireles', '01/02/1996', 'm', '196', 0, '917480102', '[]', 0, '{"owns":false,"furniture":[],"houseId":0}', '{}', 0, '{"bitcoin": 0, "ethereum": 0, "bitcoin-cash": 0, "bitcoin-sv": 0, "litecoin": 0, "binance-coin": 0, "monero": 0, "dash": 0, "zcash": 0, "maker": 0}');

-- 
-- Dumping data for table twitter_likes
--
INSERT INTO twitter_likes VALUES
(1, 55, 10743);

-- 
-- Dumping data for table society_moneywash
--
-- Table s6_server.society_moneywash does not contain any data (it is empty)

-- 
-- Dumping data for table saved_coords
--
-- Table s6_server.saved_coords does not contain any data (it is empty)

-- 
-- Dumping data for table rented_vehicles
--
-- Table s6_server.rented_vehicles does not contain any data (it is empty)

-- 
-- Dumping data for table phone_users_contacts
--
-- Table s6_server.phone_users_contacts does not contain any data (it is empty)

-- 
-- Dumping data for table phone_shops
--
INSERT INTO phone_shops VALUES
(19, 'https://w0.pngwave.com/png/542/368/knife-breakfast-german-cuisine-bread-food-bread-png-clip-art.png', 'bread', 1, 'Pão'),
(20, 'https://w7.pngwing.com/pngs/371/831/png-transparent-mineral-water-mineral-water-bottles-mineral-water-pure-water.png', 'water', 1, 'Água');

-- 
-- Dumping data for table phone_reddit
--
-- Table s6_server.phone_reddit does not contain any data (it is empty)

-- 
-- Dumping data for table phone_messages
--
-- Table s6_server.phone_messages does not contain any data (it is empty)

-- 
-- Dumping data for table phone_ch_reddit
--
-- Table s6_server.phone_ch_reddit does not contain any data (it is empty)

-- 
-- Dumping data for table phone_calls
--
-- Table s6_server.phone_calls does not contain any data (it is empty)

-- 
-- Dumping data for table phone_app_chat
--
INSERT INTO phone_app_chat VALUES
(28, 'assaltoacasas', 'mr.bean', '2020-09-10 23:35:50'),
(29, 'assaltoacasas', 'alguem quer vir assaltar casas', '2020-09-10 23:36:13');

-- 
-- Dumping data for table owned_vehicles_jobs
--
INSERT INTO owned_vehicles_jobs VALUES
('{"modDoorSpeaker":-1,"modFender":-1,"modFrontWheels":-1,"neonEnabled":[false,false,false,false],"plateIndex":4,"modHydrolic":-1,"plate":"BBI 074","modAerials":-1,"modArchCover":-1,"modSpeakers":-1,"modOrnaments":-1,"modEngineBlock":-1,"modBrakes":-1,"modTrimA":-1,"modTransmission":-1,"modFrontBumper":-1,"modRearBumper":-1,"color2":12,"xenonColor":255,"modSmokeEnabled":false,"modArmor":-1,"neonColor":[255,0,255],"extras":[],"modGrille":-1,"tankHealth":1000.0,"modLivery":0,"engineHealth":1000.0,"modExhaust":-1,"modTrimB":-1,"modSeats":-1,"wheelColor":156,"modAPlate":-1,"modAirFilter":-1,"bodyHealth":1000.0,"pearlescentColor":4,"modHorns":-1,"modTurbo":false,"modDashboard":-1,"modRightFender":-1,"windowTint":-1,"modRoof":-1,"modXenon":false,"tyreSmokeColor":[255,255,255],"model":1416125959,"modTank":-1,"wheels":6,"modVanityPlate":-1,"modHood":-1,"modTrunk":-1,"modFrame":-1,"modBackWheels":-1,"modDial":-1,"modShifterLeavers":-1,"modSuspension":-1,"modSideSkirt":-1,"modWindows":-1,"modStruts":-1,"color1":132,"modPlateHolder":-1,"modSpoilers":-1,"dirtLevel":2.0,"modEngine":-1,"modSteeringWheel":-1,"fuelLevel":69.3}', 'ccb6433f3e4c1a6c6ed85bbd1974c1857d0b167f', 1, 'BBI 074', 'car', 'ambulance'),
('{"modDashboard":-1,"modSpeakers":-1,"modOrnaments":-1,"extras":{"1":true,"2":true},"modSeats":-1,"bodyHealth":1000.0,"modFrontWheels":-1,"model":-1059188217,"modTrimB":-1,"modShifterLeavers":-1,"modAerials":-1,"modExhaust":-1,"modBackWheels":-1,"modTurbo":false,"modArchCover":-1,"modSuspension":-1,"plateIndex":0,"modFender":-1,"modRoof":-1,"xenonColor":255,"modRearBumper":-1,"modTank":-1,"modSpoilers":-1,"modDoorSpeaker":-1,"pearlescentColor":147,"modEngine":-1,"modBrakes":-1,"tyreSmokeColor":[255,255,255],"modXenon":false,"engineHealth":1000.0,"modArmor":-1,"modGrille":-1,"color1":111,"modAPlate":-1,"modAirFilter":-1,"modPlateHolder":-1,"modFrame":-1,"modTrimA":-1,"modWindows":-1,"modHydrolic":-1,"neonEnabled":[false,false,false,false],"dirtLevel":6.0,"modDial":-1,"modVanityPlate":-1,"modSideSkirt":-1,"modTransmission":-1,"wheelColor":156,"plate":"DCF 348","modStruts":-1,"modFrontBumper":-1,"modHood":-1,"neonColor":[255,0,255],"modLivery":1,"modSmokeEnabled":false,"fuelLevel":79.7,"modSteeringWheel":-1,"modEngineBlock":-1,"color2":120,"modRightFender":-1,"wheels":5,"modHorns":-1,"tankHealth":1000.0,"modTrunk":-1,"windowTint":-1}', 'ccb6433f3e4c1a6c6ed85bbd1974c1857d0b167f', 1, 'DCF 348', 'car', 'lsvagos'),
('{"modOrnaments":-1,"plateIndex":3,"modFender":-1,"modTrunk":-1,"model":-1059188217,"engineHealth":1000.0,"modFrame":-1,"modBrakes":-1,"modFrontWheels":-1,"modExhaust":-1,"neonColor":[255,0,255],"modAirFilter":-1,"modSpoilers":-1,"dirtLevel":4.0,"wheels":5,"modXenon":false,"tyreSmokeColor":[255,255,255],"modAPlate":-1,"wheelColor":156,"modDoorSpeaker":-1,"modTransmission":-1,"windowTint":-1,"modFrontBumper":-1,"modSmokeEnabled":false,"xenonColor":255,"modAerials":-1,"tankHealth":1000.0,"modPlateHolder":-1,"modTrimB":-1,"modWindows":-1,"modStruts":-1,"modEngineBlock":-1,"modRightFender":-1,"plate":"FBP 924","modSteeringWheel":-1,"bodyHealth":1000.0,"modTurbo":false,"modSuspension":-1,"color1":1,"modTrimA":-1,"modHorns":-1,"modTank":-1,"modArchCover":-1,"modVanityPlate":-1,"modHood":-1,"modArmor":-1,"modShifterLeavers":-1,"modGrille":-1,"neonEnabled":[false,false,false,false],"modBackWheels":-1,"modLivery":1,"modHydrolic":-1,"modSpeakers":-1,"extras":{"2":true,"1":true},"modRoof":-1,"pearlescentColor":2,"modSeats":-1,"modEngine":-1,"modDial":-1,"color2":120,"modDashboard":-1,"modSideSkirt":-1,"modRearBumper":-1,"fuelLevel":51.3}', 'ccb6433f3e4c1a6c6ed85bbd1974c1857d0b167f', 1, 'FBP 924', 'car', 'lsvagos'),
('{"modTrimB":-1,"modFrontWheels":-1,"modTransmission":-1,"modSeats":-1,"modTank":-1,"modArchCover":-1,"plateIndex":4,"bodyHealth":1000.0,"tankHealth":1000.0,"modAerials":-1,"modEngine":-1,"modSideSkirt":-1,"modExhaust":-1,"modLivery":3,"wheelColor":156,"neonColor":[255,0,255],"modFrontBumper":-1,"modAPlate":-1,"plate":"FFN 370","modDial":-1,"modRearBumper":-1,"modDoorSpeaker":-1,"pearlescentColor":156,"color2":156,"modBackWheels":-1,"modSuspension":-1,"modArmor":-1,"engineHealth":1000.0,"modHood":-1,"modDashboard":-1,"modRightFender":-1,"neonEnabled":[false,false,false,false],"modHorns":-1,"modSmokeEnabled":false,"color1":89,"modTurbo":false,"modRoof":-1,"modXenon":false,"windowTint":-1,"tyreSmokeColor":[255,255,255],"modSteeringWheel":-1,"modShifterLeavers":-1,"modFender":-1,"model":1171614426,"extras":[],"modHydrolic":-1,"modEngineBlock":-1,"dirtLevel":4.0,"wheels":0,"modBrakes":-1,"modSpeakers":-1,"modGrille":-1,"modStruts":-1,"modTrunk":-1,"modAirFilter":-1,"modTrimA":-1,"modWindows":-1,"modOrnaments":-1,"modSpoilers":-1,"modFrame":-1,"modVanityPlate":-1,"fuelLevel":50.7,"xenonColor":255,"modPlateHolder":-1}', 'b99c43aee4bd7db870488551ea9a231c701b1e8e', 1, 'FFN 370', 'car', 'ambulance'),
('{"modDoorSpeaker":-1,"modFender":-1,"modFrontWheels":-1,"neonEnabled":[false,false,false,false],"model":1416125959,"modHydrolic":-1,"plate":"JFQ 628","plateIndex":4,"modArchCover":-1,"modSpeakers":-1,"modOrnaments":-1,"modWindows":-1,"modBrakes":-1,"modTrimA":-1,"modTransmission":-1,"modFrontBumper":-1,"tankHealth":1000.0,"color2":12,"xenonColor":255,"modAerials":-1,"modArmor":-1,"modSmokeEnabled":false,"extras":[],"modGrille":-1,"neonColor":[255,0,255],"modLivery":0,"engineHealth":1000.0,"modExhaust":-1,"modTrimB":-1,"modSeats":-1,"wheelColor":156,"modAPlate":-1,"modAirFilter":-1,"bodyHealth":1000.0,"pearlescentColor":4,"modHorns":-1,"modTurbo":false,"modDashboard":-1,"modSideSkirt":-1,"windowTint":-1,"modRearBumper":-1,"modRoof":-1,"modXenon":false,"tyreSmokeColor":[255,255,255],"modTank":-1,"color1":132,"modVanityPlate":-1,"modHood":-1,"modTrunk":-1,"modFrame":-1,"modBackWheels":-1,"modDial":-1,"modShifterLeavers":-1,"wheels":6,"modEngineBlock":-1,"modSuspension":-1,"modRightFender":-1,"modStruts":-1,"modPlateHolder":-1,"modSpoilers":-1,"dirtLevel":2.0,"modEngine":-1,"modSteeringWheel":-1,"fuelLevel":28.3}', 'b99c43aee4bd7db870488551ea9a231c701b1e8e', 1, 'JFQ 628', 'car', 'ambulance'),
('{"modSmokeEnabled":false,"modVanityPlate":-1,"modSuspension":-1,"modXenon":false,"modArchCover":-1,"pearlescentColor":156,"modTrimB":-1,"plateIndex":4,"modSeats":-1,"modRightFender":-1,"modWindows":-1,"modHydrolic":-1,"modFrame":-1,"engineHealth":1000.0,"modEngineBlock":-1,"modExhaust":-1,"modTrunk":-1,"modFrontWheels":-1,"modTank":-1,"modTurbo":false,"modShifterLeavers":-1,"modHood":-1,"wheels":1,"modHorns":-1,"wheelColor":156,"modGrille":-1,"modSpeakers":-1,"color2":0,"plate":"JWW 689","modOrnaments":-1,"modBrakes":-1,"windowTint":-1,"modRoof":-1,"modSpoilers":-1,"modDial":-1,"modRearBumper":-1,"modAPlate":-1,"modDoorSpeaker":-1,"modFrontBumper":-1,"modFender":-1,"tyreSmokeColor":[255,255,255],"modTransmission":-1,"modDashboard":-1,"modTrimA":-1,"bodyHealth":1000.0,"modSteeringWheel":-1,"neonEnabled":[false,false,false,false],"modSideSkirt":-1,"modArmor":-1,"modEngine":-1,"color1":0,"extras":{"2":true,"1":true,"10":true,"12":true,"11":true,"9":true,"8":false,"7":true,"6":true,"5":true,"4":true,"3":true},"fuelLevel":23.0,"modLivery":0,"modBackWheels":-1,"dirtLevel":3.0,"tankHealth":1000.0,"modAerials":-1,"modStruts":-1,"modAirFilter":-1,"xenonColor":255,"model":392407198,"neonColor":[255,0,255],"modPlateHolder":-1}', 'ccb6433f3e4c1a6c6ed85bbd1974c1857d0b167f', 0, 'JWW 689', 'car', 'police'),
('{"modDoorSpeaker":-1,"modFender":-1,"modFrontWheels":-1,"neonEnabled":[false,false,false,false],"model":-1149521714,"modHydrolic":-1,"plate":"LPR 203","plateIndex":0,"modArchCover":-1,"modSpeakers":-1,"modOrnaments":-1,"modWindows":-1,"modBrakes":-1,"modTrimA":-1,"modTransmission":-1,"modFrontBumper":-1,"tankHealth":1000.0,"color2":132,"xenonColor":255,"modAerials":-1,"modArmor":-1,"modSmokeEnabled":false,"extras":[],"modGrille":-1,"neonColor":[255,0,255],"modLivery":-1,"engineHealth":1000.0,"modExhaust":-1,"modTrimB":-1,"modSeats":-1,"wheelColor":156,"modAPlate":-1,"modAirFilter":-1,"bodyHealth":1000.0,"pearlescentColor":156,"modHorns":-1,"modTurbo":false,"modDashboard":-1,"modSideSkirt":-1,"windowTint":-1,"modRearBumper":-1,"modRoof":-1,"modXenon":false,"tyreSmokeColor":[255,255,255],"modTank":-1,"color1":132,"modVanityPlate":-1,"modHood":-1,"modTrunk":-1,"modFrame":-1,"modBackWheels":-1,"modDial":-1,"modShifterLeavers":-1,"wheels":0,"modEngineBlock":-1,"modSuspension":-1,"modRightFender":-1,"modStruts":-1,"modPlateHolder":-1,"modSpoilers":-1,"dirtLevel":6.0,"modEngine":-1,"modSteeringWheel":-1,"fuelLevel":60.4}', 'b99c43aee4bd7db870488551ea9a231c701b1e8e', 1, 'LPR 203', 'car', 'ambulance'),
('{"modDoorSpeaker":-1,"modFender":-1,"modFrontWheels":-1,"neonEnabled":[false,false,false,false],"model":-1264208912,"modHydrolic":-1,"plate":"RDB 698","plateIndex":4,"modArchCover":-1,"modSpeakers":-1,"modOrnaments":-1,"modWindows":-1,"modBrakes":-1,"modTrimA":-1,"modTransmission":-1,"modFrontBumper":-1,"tankHealth":1000.0,"color2":134,"xenonColor":255,"modAerials":-1,"modArmor":-1,"modSmokeEnabled":false,"extras":[],"modGrille":-1,"neonColor":[255,0,255],"modLivery":-1,"engineHealth":1000.0,"modExhaust":-1,"modTrimB":-1,"modSeats":-1,"wheelColor":156,"modAPlate":-1,"modAirFilter":-1,"bodyHealth":1000.0,"pearlescentColor":156,"modHorns":-1,"modTurbo":false,"modDashboard":-1,"modSideSkirt":-1,"windowTint":-1,"modRearBumper":-1,"modRoof":-1,"modXenon":false,"tyreSmokeColor":[255,255,255],"modTank":-1,"color1":134,"modVanityPlate":-1,"modHood":-1,"modTrunk":-1,"modFrame":-1,"modBackWheels":-1,"modDial":-1,"modShifterLeavers":-1,"wheels":1,"modEngineBlock":-1,"modSuspension":-1,"modRightFender":-1,"modStruts":-1,"modPlateHolder":-1,"modSpoilers":-1,"dirtLevel":8.0,"modEngine":-1,"modSteeringWheel":-1,"fuelLevel":40.9}', 'b99c43aee4bd7db870488551ea9a231c701b1e8e', 1, 'RDB 698', 'car', 'ambulance'),
('{"modBackWheels":-1,"bodyHealth":1000.0,"modEngineBlock":-1,"modTank":-1,"modRightFender":-1,"tyreSmokeColor":[255,255,255],"modTrimB":-1,"modSmokeEnabled":false,"modSpoilers":-1,"modHood":-1,"modRearBumper":-1,"modFrontBumper":-1,"modTrimA":-1,"modSuspension":-1,"modHorns":-1,"wheelColor":21,"modSpeakers":-1,"fuelLevel":38.9,"xenonColor":255,"modAPlate":-1,"engineHealth":1000.0,"modTurbo":false,"modFender":-1,"modWindows":-1,"modRoof":-1,"modSteeringWheel":-1,"modTransmission":-1,"modBrakes":-1,"modSeats":-1,"pearlescentColor":27,"modFrontWheels":-1,"modArchCover":-1,"dirtLevel":9.0,"modDoorSpeaker":-1,"modArmor":-1,"modDashboard":-1,"wheels":0,"modStruts":-1,"modPlateHolder":-1,"modXenon":false,"modOrnaments":-1,"windowTint":-1,"tankHealth":1000.0,"model":-984012348,"neonEnabled":[false,false,false,false],"modDial":-1,"modTrunk":-1,"modSideSkirt":-1,"modGrille":-1,"modShifterLeavers":-1,"color1":31,"modAirFilter":-1,"modAerials":-1,"modEngine":-1,"modExhaust":-1,"plate":"UDO 182","modLivery":-1,"color2":0,"modHydrolic":-1,"modVanityPlate":-1,"neonColor":[255,0,255],"extras":{"4":false,"5":false,"6":false,"7":true,"8":false,"1":false,"2":false},"plateIndex":3,"modFrame":-1}', 'b99c43aee4bd7db870488551ea9a231c701b1e8e', 1, 'UDO 182', 'car', 'police');

-- 
-- Dumping data for table owned_vehicles
--
INSERT INTO owned_vehicles VALUES
('6fe9238e740a9f9c0def9a0743d40c04f6418823', 'ADU 287', '{"fuelLevel":33.3599967956543,"modFrame":0,"modTrimB":-1,"modSideSkirt":-1,"modRightFender":-1,"dirtLevel":0.4,"modSmokeEnabled":false,"modShifterLeavers":-1,"modSpoilers":-1,"color1":112,"engineHealth":1000.0,"modWindows":-1,"modDial":-1,"modBrakes":2,"modAPlate":-1,"modXenon":1,"pearlescentColor":147,"modHorns":44,"modDoorSpeaker":-1,"wheelColor":0,"modSpeakers":-1,"modSuspension":4,"modTransmission":2,"windowTint":3,"plateIndex":2,"tyreSmokeColor":[255,255,255],"color2":0,"modFender":-1,"modOrnaments":-1,"modHood":-1,"tyres":[false,false,false,false,false,false,false],"modTurbo":1,"modTank":-1,"modRoof":-1,"modExhaust":-1,"modHydrolic":-1,"modEngineBlock":-1,"xenonColor":8,"modFrontBumper":0,"modTrimA":-1,"modArmor":-1,"wheels":7,"modAerials":-1,"windows":[1,1,1,1,1,1,false,1,1,1,1,1,false],"neonColor":[255,1,1],"modSeats":-1,"modGrille":0,"tankHealth":1000.0,"doors":[false,false,false,false,false,false],"modRearBumper":-1,"plate":"ADU 287","extras":{"1":false,"2":true},"modFrontWheels":-1,"modAirFilter":-1,"modArchCover":-1,"modVanityPlate":-1,"bodyHealth":1000.0,"modLivery":0,"modTrunk":-1,"neonEnabled":[1,1,1,1],"modSteeringWheel":-1,"modPlateHolder":-1,"modDashboard":-1,"modEngine":3,"modStruts":-1,"modBackWheels":-1,"model":1469041587}', 'car', NULL, 1, NULL, 0, '{}'),
('6fe9238e740a9f9c0def9a0743d40c04f6418823', 'ARQ 817', '{"fuelLevel":62.589996337890628,"modFrame":-1,"modTrimB":-1,"modSideSkirt":-1,"modRightFender":-1,"dirtLevel":0.2,"modSmokeEnabled":false,"modShifterLeavers":-1,"modSpoilers":-1,"color1":112,"engineHealth":1000.0,"modWindows":-1,"modDial":-1,"modBrakes":2,"modAPlate":-1,"modXenon":1,"pearlescentColor":72,"modHorns":25,"modDoorSpeaker":-1,"wheelColor":0,"modSpeakers":-1,"modSuspension":3,"modTransmission":-1,"windowTint":1,"plateIndex":0,"tyreSmokeColor":[255,255,255],"color2":111,"modFender":-1,"modOrnaments":-1,"modHood":-1,"tyres":[false,false,false,false,false,false,false],"modTurbo":1,"modTank":-1,"modRoof":-1,"modExhaust":-1,"modHydrolic":-1,"modEngineBlock":-1,"xenonColor":0,"modFrontBumper":-1,"modDashboard":-1,"modArmor":-1,"wheels":7,"modGrille":-1,"windows":[false,false,false,1,1,1,1,1,1,false,1,false,false],"neonColor":[222,222,255],"modSeats":-1,"doors":[false,false,false,false,false,false],"tankHealth":1000.0,"modAirFilter":-1,"modRearBumper":-1,"plate":"ARQ 817","extras":[],"modFrontWheels":-1,"modArchCover":-1,"model":-264618235,"modPlateHolder":-1,"bodyHealth":1000.0,"modLivery":0,"modTrunk":-1,"modAerials":-1,"modSteeringWheel":-1,"modTrimA":-1,"neonEnabled":[1,1,1,1],"modEngine":3,"modStruts":-1,"modBackWheels":-1,"modVanityPlate":-1}', 'car', NULL, 1, NULL, 0, '{}'),
('b99c43aee4bd7db870488551ea9a231c701b1e8e', 'BNP 891', '{"plate":"BNP 891","model":1959069841}', 'car', NULL, 1, NULL, 0, '{}'),
('6fe9238e740a9f9c0def9a0743d40c04f6418823', 'HAX 134', '{"fuelLevel":48.310020446777347,"modFrame":-1,"modTrimB":-1,"modSideSkirt":0,"modRightFender":-1,"dirtLevel":2.6,"modSmokeEnabled":false,"modShifterLeavers":-1,"modSpoilers":-1,"color1":0,"engineHealth":1000.0,"modWindows":-1,"modDial":-1,"modBrakes":2,"modAPlate":-1,"modXenon":1,"pearlescentColor":0,"modHorns":-1,"modDoorSpeaker":-1,"wheelColor":156,"modSpeakers":-1,"modSuspension":2,"modTransmission":2,"windowTint":1,"plateIndex":3,"tyreSmokeColor":[255,255,255],"color2":155,"modFender":-1,"modOrnaments":-1,"modHood":-1,"tyres":[false,false,false,false,false,false,false],"modTurbo":1,"modTank":-1,"modRoof":0,"modExhaust":0,"modHydrolic":-1,"modEngineBlock":-1,"xenonColor":0,"modFrontBumper":1,"modDashboard":-1,"modArmor":-1,"wheels":7,"modGrille":-1,"windows":[1,false,false,false,false,1,1,1,1,false,1,false,false],"neonColor":[222,222,255],"modSeats":-1,"doors":[false,false,false,false,false,false],"tankHealth":1000.0,"modAirFilter":-1,"modRearBumper":0,"plate":"HAX 134","extras":[],"modFrontWheels":-1,"modArchCover":-1,"model":2005386580,"modPlateHolder":-1,"bodyHealth":1000.0,"modLivery":0,"modTrunk":-1,"modAerials":-1,"modSteeringWheel":-1,"modTrimA":-1,"neonEnabled":[1,1,1,1],"modEngine":3,"modStruts":-1,"modBackWheels":-1,"modVanityPlate":-1}', 'car', NULL, 1, NULL, 0, '{}'),
('a79ce0e2bc48bfe4d926f712cf0d568fc140a8af', 'NEN 163', '{"model":-1978168465,"plate":"NEN 163"}', 'car', NULL, 1, NULL, 0, '{}'),
('6fe9238e740a9f9c0def9a0743d40c04f6418823', 'RQS 520', '{"fuelLevel":23.779998779296876,"modFrame":-1,"modTrimB":-1,"modSideSkirt":-1,"modRightFender":-1,"dirtLevel":0.1,"modSmokeEnabled":false,"modShifterLeavers":-1,"modSpoilers":-1,"color1":0,"engineHealth":1000.0,"modWindows":-1,"modDial":-1,"modBrakes":2,"modAPlate":-1,"modXenon":1,"pearlescentColor":0,"modHorns":36,"modDoorSpeaker":-1,"wheelColor":156,"modSpeakers":-1,"modSuspension":3,"modTransmission":2,"windowTint":1,"plateIndex":0,"tyreSmokeColor":[255,255,255],"color2":2,"modFender":-1,"modOrnaments":-1,"modHood":-1,"tyres":[false,false,false,false,false,false,false],"modTurbo":1,"modTank":-1,"modRoof":-1,"modExhaust":-1,"modHydrolic":-1,"modEngineBlock":-1,"xenonColor":0,"modFrontBumper":-1,"modTrimA":-1,"modArmor":-1,"wheels":7,"modAerials":-1,"windows":[1,false,false,false,false,1,1,1,1,false,1,1,1],"neonColor":[222,222,255],"modSeats":-1,"doors":[false,false,false,false,false,false],"tankHealth":1000.0,"neonEnabled":[1,1,1,1],"modRearBumper":-1,"plate":"RQS 520","extras":{"1":true},"modFrontWheels":-1,"modAirFilter":-1,"modArchCover":-1,"modPlateHolder":-1,"bodyHealth":1000.0,"modVanityPlate":-1,"modLivery":0,"modTrunk":-1,"modSteeringWheel":-1,"modGrille":-1,"modDashboard":-1,"modEngine":3,"modStruts":-1,"modBackWheels":-1,"model":-189438188}', 'car', NULL, 1, NULL, 0, '{}'),
('6fe9238e740a9f9c0def9a0743d40c04f6418823', 'YNF 932', '{"modSideSkirt":-1,"modSuspension":3,"modEngine":3,"model":-406391337,"windowTint":0,"modTank":-1,"modHorns":-1,"neonColor":[222,222,255],"modSteeringWheel":-1,"modDashboard":-1,"engineHealth":1000.0,"modFrame":-1,"tyreSmokeColor":[255,255,255],"wheelColor":158,"modArmor":-1,"modFender":-1,"modSeats":-1,"neonEnabled":[1,1,1,1],"modTrimB":-1,"plateIndex":0,"modLivery":0,"bodyHealth":1000.0,"modSpeakers":-1,"plate":"YNF 932","modBrakes":2,"modPlateHolder":-1,"dirtLevel":0.1,"modSpoilers":-1,"modStruts":-1,"modDial":-1,"modExhaust":-1,"modHydrolic":-1,"modAPlate":-1,"modOrnaments":-1,"modAirFilter":-1,"modRoof":-1,"modAerials":-1,"modBackWheels":-1,"modWindows":-1,"color1":70,"modEngineBlock":-1,"modFrontBumper":-1,"extras":{"12":false,"11":true,"10":true},"modTransmission":2,"modFrontWheels":-1,"modHood":-1,"modTrunk":-1,"modXenon":1,"color2":64,"modTrimA":-1,"tankHealth":1000.0,"modArchCover":-1,"modDoorSpeaker":-1,"wheels":2,"modSmokeEnabled":false,"modTurbo":1,"fuelLevel":14.3,"pearlescentColor":131,"modRearBumper":-1,"modRightFender":-1,"xenonColor":0,"modShifterLeavers":-1,"modVanityPlate":-1,"modGrille":-1}', 'car', NULL, 1, NULL, 0, '{}'),
('953081fbdda3367962e47de17f3702408589c962', 'YWE 553', '{"model":-1385753106,"plate":"YWE 553"}', 'car', NULL, 1, NULL, 0, '{}');

-- 
-- Dumping data for table motels
--
INSERT INTO motels VALUES
(9, '6fe9238e740a9f9c0def9a0743d40c04f6418823', 'pcm5a'),
(10, 'a79ce0e2bc48bfe4d926f712cf0d568fc140a8af', 'fdm2'),
(12, 'b99c43aee4bd7db870488551ea9a231c701b1e8e', 'fdm2');

-- 
-- Dumping data for table mdt_warrants
--
-- Table s6_server.mdt_warrants does not contain any data (it is empty)

-- 
-- Dumping data for table mdt_vehicle
--
-- Table s6_server.mdt_vehicle does not contain any data (it is empty)

-- 
-- Dumping data for table mdt_user
--
INSERT INTO mdt_user VALUES
(1, 70, '', '', False);

-- 
-- Dumping data for table mdt_reports
--
INSERT INTO mdt_reports VALUES
(10, 65, 'teste', 'teste', '{"Terrorismo":1}', 'Black Zon', 'Black Zon', '10-18-2020 01:25:58', 25),
(11, 64, 'szdfsdf', 'adfasdf', '{"Terrorismo":1}', 'DasdaA adsADS', 'DasdaA adsADS', '10-18-2020 01:54:52', 5),
(12, 70, 'fff', 'fff', '{"Desobediência a ordem legitima do agente da autoridade":1}', 'Tiago Meireles', 'Tiago Meireles', '10-18-2020 11:51:48', 2);

-- 
-- Dumping data for table mdt_convictions
--
INSERT INTO mdt_convictions VALUES
(1, 65, 'Terrorismo', 2),
(2, 65, 'Desobediência a ordem legitima do agente da autoridade', 1),
(3, 65, 'Prática de atos que impeçam/compromentam a segurança', 2),
(4, 64, 'Terrorismo', 1);

-- 
-- Dumping data for table licenses
--
INSERT INTO licenses VALUES
('dmv', 'Código de condução'),
('drive', 'Carta de condução'),
('drive_bike', 'Carta de moto'),
('drive_truck', 'Carta de pesados'),
('weapon', 'Licença de Armas');

-- 
-- Dumping data for table job_grades
--
INSERT INTO job_grades VALUES
(1, 'unemployed', 0, 'unemployed', 'Desempregado', 250, '{}', '{}'),
(2, 'cardealer', 0, 'recruit', 'Recruta', 1100, '{}', '{}'),
(3, 'cardealer', 1, 'novice', 'Novato', 1500, '{}', '{}'),
(4, 'cardealer', 2, 'experienced', 'Experiente', 1700, '{}', '{}'),
(5, 'cardealer', 3, 'boss', 'Patrão', 2000, '{}', '{}'),
(11, 'ambulance', 0, 'ambulance', 'Estagiário ', 9000, '{"tshirt_2":0,"hair_color_1":5,"glasses_2":3,"bproof_1":13,"bproof_2":0,"shoes_1":25,"shoes_2":0,"torso_2":0,"hair_color_2":0,"pants_1":49,"glasses_1":0,"hair_1":2,"sex":0,"decals_2":0,"tshirt_1":54,"helmet_1":-1,"helmet_2":0,"arms":85,"face":19,"decals_1":0,"torso_1":102,"hair_2":0,"chain_1":30,"chain_2":0,"skin":34,"pants_2":0}', '{"tshirt_2":3,"decals_2":0,"glasses":0,"hair_1":2,"torso_1":73,"shoes":1,"hair_color_2":0,"glasses_1":19,"skin":13,"face":6,"pants_2":5,"tshirt_1":75,"pants_1":37,"helmet_1":57,"torso_2":0,"arms":14,"sex":1,"glasses_2":0,"decals_1":0,"hair_2":0,"helmet_2":0,"hair_color_1":0}'),
(12, 'ambulance', 1, 'doctor', 'Enfermeiro', 1000, '{"tshirt_2":0,"hair_color_1":5,"glasses_2":3,"bproof_1":13,"bproof_2":0,"shoes_1":25,"shoes_2":0,"torso_2":1,"hair_color_2":0,"pants_1":49,"glasses_1":0,"hair_1":2,"sex":0,"decals_2":0,"tshirt_1":54,"helmet_1":-1,"helmet_2":0,"arms":85,"face":19,"decals_1":0,"torso_1":102,"hair_2":0,"chain_1":30,"chain_2":0,"skin":34,"pants_2":0}', '{"tshirt_2":3,"decals_2":0,"glasses":0,"hair_1":2,"torso_1":73,"shoes":1,"hair_color_2":0,"glasses_1":19,"skin":13,"face":6,"pants_2":5,"tshirt_1":75,"pants_1":37,"helmet_1":57,"torso_2":0,"arms":14,"sex":1,"glasses_2":0,"decals_1":0,"hair_2":0,"helmet_2":0,"hair_color_1":0}'),
(13, 'ambulance', 2, 'chief_doctor', 'Médico', 1500, '{"tshirt_2":0,"hair_color_1":5,"glasses_2":3,"bproof_1":13,"bproof_2":0,"shoes_1":25,"shoes_2":0,"torso_2":2,"hair_color_2":0,"pants_1":49,"glasses_1":0,"hair_1":2,"sex":0,"decals_2":0,"tshirt_1":54,"helmet_1":-1,"helmet_2":0,"arms":85,"face":19,"decals_1":0,"torso_1":102,"hair_2":0,"chain_1":30,"chain_2":0,"skin":34,"pants_2":0}', '{"tshirt_2":3,"decals_2":0,"glasses":0,"hair_1":2,"torso_1":73,"shoes":1,"hair_color_2":0,"glasses_1":19,"skin":13,"face":6,"pants_2":5,"tshirt_1":75,"pants_1":37,"helmet_1":57,"torso_2":0,"arms":14,"sex":1,"glasses_2":0,"decals_1":0,"hair_2":0,"helmet_2":0,"hair_color_1":0}'),
(14, 'ambulance', 3, 'medc', 'Cirugião', 2000, '{"tshirt_2":0,"hair_color_1":5,"glasses_2":3,"bproof_1":13,"bproof_2":0,"shoes_1":25,"shoes_2":0,"torso_2":2,"hair_color_2":0,"pants_1":49,"glasses_1":0,"hair_1":2,"sex":0,"decals_2":0,"tshirt_1":54,"helmet_1":-1,"helmet_2":0,"arms":85,"face":19,"decals_1":0,"torso_1":102,"hair_2":0,"chain_1":30,"chain_2":0,"skin":34,"pants_2":0}', '{"tshirt_2":3,"decals_2":0,"glasses":0,"hair_1":2,"torso_1":73,"shoes":1,"hair_color_2":0,"glasses_1":19,"skin":13,"face":6,"pants_2":5,"tshirt_1":75,"pants_1":37,"helmet_1":57,"torso_2":0,"arms":14,"sex":1,"glasses_2":0,"decals_1":0,"hair_2":0,"helmet_2":0,"hair_color_1":0}'),
(15, 'taxi', 0, 'recrue', 'Recruta', 650, '{"hair_2":0,"hair_color_2":0,"torso_1":32,"bags_1":0,"helmet_2":0,"chain_2":0,"eyebrows_3":0,"makeup_3":0,"makeup_2":0,"tshirt_1":31,"makeup_1":0,"bags_2":0,"makeup_4":0,"eyebrows_4":0,"chain_1":0,"lipstick_4":0,"bproof_2":0,"hair_color_1":0,"decals_2":0,"pants_2":0,"age_2":0,"glasses_2":0,"ears_2":0,"arms":27,"lipstick_1":0,"ears_1":-1,"mask_2":0,"sex":0,"lipstick_3":0,"helmet_1":-1,"shoes_2":0,"beard_2":0,"beard_1":0,"lipstick_2":0,"beard_4":0,"glasses_1":0,"bproof_1":0,"mask_1":0,"decals_1":1,"hair_1":0,"eyebrows_2":0,"beard_3":0,"age_1":0,"tshirt_2":0,"skin":0,"torso_2":0,"eyebrows_1":0,"face":0,"shoes_1":10,"pants_1":24}', '{"hair_2":0,"hair_color_2":0,"torso_1":57,"bags_1":0,"helmet_2":0,"chain_2":0,"eyebrows_3":0,"makeup_3":0,"makeup_2":0,"tshirt_1":38,"makeup_1":0,"bags_2":0,"makeup_4":0,"eyebrows_4":0,"chain_1":0,"lipstick_4":0,"bproof_2":0,"hair_color_1":0,"decals_2":0,"pants_2":1,"age_2":0,"glasses_2":0,"ears_2":0,"arms":21,"lipstick_1":0,"ears_1":-1,"mask_2":0,"sex":1,"lipstick_3":0,"helmet_1":-1,"shoes_2":0,"beard_2":0,"beard_1":0,"lipstick_2":0,"beard_4":0,"glasses_1":5,"bproof_1":0,"mask_1":0,"decals_1":1,"hair_1":0,"eyebrows_2":0,"beard_3":0,"age_1":0,"tshirt_2":0,"skin":0,"torso_2":0,"eyebrows_1":0,"face":0,"shoes_1":49,"pants_1":11}'),
(16, 'taxi', 1, 'novice', 'Taxista', 750, '{"hair_2":0,"hair_color_2":0,"torso_1":32,"bags_1":0,"helmet_2":0,"chain_2":0,"eyebrows_3":0,"makeup_3":0,"makeup_2":0,"tshirt_1":31,"makeup_1":0,"bags_2":0,"makeup_4":0,"eyebrows_4":0,"chain_1":0,"lipstick_4":0,"bproof_2":0,"hair_color_1":0,"decals_2":0,"pants_2":0,"age_2":0,"glasses_2":0,"ears_2":0,"arms":27,"lipstick_1":0,"ears_1":-1,"mask_2":0,"sex":0,"lipstick_3":0,"helmet_1":-1,"shoes_2":0,"beard_2":0,"beard_1":0,"lipstick_2":0,"beard_4":0,"glasses_1":0,"bproof_1":0,"mask_1":0,"decals_1":1,"hair_1":0,"eyebrows_2":0,"beard_3":0,"age_1":0,"tshirt_2":0,"skin":0,"torso_2":0,"eyebrows_1":0,"face":0,"shoes_1":10,"pants_1":24}', '{"hair_2":0,"hair_color_2":0,"torso_1":57,"bags_1":0,"helmet_2":0,"chain_2":0,"eyebrows_3":0,"makeup_3":0,"makeup_2":0,"tshirt_1":38,"makeup_1":0,"bags_2":0,"makeup_4":0,"eyebrows_4":0,"chain_1":0,"lipstick_4":0,"bproof_2":0,"hair_color_1":0,"decals_2":0,"pants_2":1,"age_2":0,"glasses_2":0,"ears_2":0,"arms":21,"lipstick_1":0,"ears_1":-1,"mask_2":0,"sex":1,"lipstick_3":0,"helmet_1":-1,"shoes_2":0,"beard_2":0,"beard_1":0,"lipstick_2":0,"beard_4":0,"glasses_1":5,"bproof_1":0,"mask_1":0,"decals_1":1,"hair_1":0,"eyebrows_2":0,"beard_3":0,"age_1":0,"tshirt_2":0,"skin":0,"torso_2":0,"eyebrows_1":0,"face":0,"shoes_1":49,"pants_1":11}'),
(17, 'taxi', 2, 'experimente', 'Taxista Experiente', 800, '{"hair_2":0,"hair_color_2":0,"torso_1":26,"bags_1":0,"helmet_2":0,"chain_2":0,"eyebrows_3":0,"makeup_3":0,"makeup_2":0,"tshirt_1":57,"makeup_1":0,"bags_2":0,"makeup_4":0,"eyebrows_4":0,"chain_1":0,"lipstick_4":0,"bproof_2":0,"hair_color_1":0,"decals_2":0,"pants_2":4,"age_2":0,"glasses_2":0,"ears_2":0,"arms":11,"lipstick_1":0,"ears_1":-1,"mask_2":0,"sex":0,"lipstick_3":0,"helmet_1":-1,"shoes_2":0,"beard_2":0,"beard_1":0,"lipstick_2":0,"beard_4":0,"glasses_1":0,"bproof_1":0,"mask_1":0,"decals_1":0,"hair_1":0,"eyebrows_2":0,"beard_3":0,"age_1":0,"tshirt_2":0,"skin":0,"torso_2":0,"eyebrows_1":0,"face":0,"shoes_1":10,"pants_1":24}', '{"hair_2":0,"hair_color_2":0,"torso_1":57,"bags_1":0,"helmet_2":0,"chain_2":0,"eyebrows_3":0,"makeup_3":0,"makeup_2":0,"tshirt_1":38,"makeup_1":0,"bags_2":0,"makeup_4":0,"eyebrows_4":0,"chain_1":0,"lipstick_4":0,"bproof_2":0,"hair_color_1":0,"decals_2":0,"pants_2":1,"age_2":0,"glasses_2":0,"ears_2":0,"arms":21,"lipstick_1":0,"ears_1":-1,"mask_2":0,"sex":1,"lipstick_3":0,"helmet_1":-1,"shoes_2":0,"beard_2":0,"beard_1":0,"lipstick_2":0,"beard_4":0,"glasses_1":5,"bproof_1":0,"mask_1":0,"decals_1":1,"hair_1":0,"eyebrows_2":0,"beard_3":0,"age_1":0,"tshirt_2":0,"skin":0,"torso_2":0,"eyebrows_1":0,"face":0,"shoes_1":49,"pants_1":11}'),
(18, 'taxi', 3, 'uber', 'Uber', 850, '{"hair_2":0,"hair_color_2":0,"torso_1":26,"bags_1":0,"helmet_2":0,"chain_2":0,"eyebrows_3":0,"makeup_3":0,"makeup_2":0,"tshirt_1":57,"makeup_1":0,"bags_2":0,"makeup_4":0,"eyebrows_4":0,"chain_1":0,"lipstick_4":0,"bproof_2":0,"hair_color_1":0,"decals_2":0,"pants_2":4,"age_2":0,"glasses_2":0,"ears_2":0,"arms":11,"lipstick_1":0,"ears_1":-1,"mask_2":0,"sex":0,"lipstick_3":0,"helmet_1":-1,"shoes_2":0,"beard_2":0,"beard_1":0,"lipstick_2":0,"beard_4":0,"glasses_1":0,"bproof_1":0,"mask_1":0,"decals_1":0,"hair_1":0,"eyebrows_2":0,"beard_3":0,"age_1":0,"tshirt_2":0,"skin":0,"torso_2":0,"eyebrows_1":0,"face":0,"shoes_1":10,"pants_1":24}', '{"hair_2":0,"hair_color_2":0,"torso_1":57,"bags_1":0,"helmet_2":0,"chain_2":0,"eyebrows_3":0,"makeup_3":0,"makeup_2":0,"tshirt_1":38,"makeup_1":0,"bags_2":0,"makeup_4":0,"eyebrows_4":0,"chain_1":0,"lipstick_4":0,"bproof_2":0,"hair_color_1":0,"decals_2":0,"pants_2":1,"age_2":0,"glasses_2":0,"ears_2":0,"arms":21,"lipstick_1":0,"ears_1":-1,"mask_2":0,"sex":1,"lipstick_3":0,"helmet_1":-1,"shoes_2":0,"beard_2":0,"beard_1":0,"lipstick_2":0,"beard_4":0,"glasses_1":5,"bproof_1":0,"mask_1":0,"decals_1":1,"hair_1":0,"eyebrows_2":0,"beard_3":0,"age_1":0,"tshirt_2":0,"skin":0,"torso_2":0,"eyebrows_1":0,"face":0,"shoes_1":49,"pants_1":11}'),
(19, 'taxi', 4, 'boss', 'Taxista Chefe', 900, '{"hair_2":0,"hair_color_2":0,"torso_1":29,"bags_1":0,"helmet_2":0,"chain_2":0,"eyebrows_3":0,"makeup_3":0,"makeup_2":0,"tshirt_1":31,"makeup_1":0,"bags_2":0,"makeup_4":0,"eyebrows_4":0,"chain_1":0,"lipstick_4":0,"bproof_2":0,"hair_color_1":0,"decals_2":0,"pants_2":4,"age_2":0,"glasses_2":0,"ears_2":0,"arms":1,"lipstick_1":0,"ears_1":-1,"mask_2":0,"sex":0,"lipstick_3":0,"helmet_1":-1,"shoes_2":0,"beard_2":0,"beard_1":0,"lipstick_2":0,"beard_4":0,"glasses_1":0,"bproof_1":0,"mask_1":0,"decals_1":0,"hair_1":0,"eyebrows_2":0,"beard_3":0,"age_1":0,"tshirt_2":0,"skin":0,"torso_2":4,"eyebrows_1":0,"face":0,"shoes_1":10,"pants_1":24}', '{"hair_2":0,"hair_color_2":0,"torso_1":57,"bags_1":0,"helmet_2":0,"chain_2":0,"eyebrows_3":0,"makeup_3":0,"makeup_2":0,"tshirt_1":38,"makeup_1":0,"bags_2":0,"makeup_4":0,"eyebrows_4":0,"chain_1":0,"lipstick_4":0,"bproof_2":0,"hair_color_1":0,"decals_2":0,"pants_2":1,"age_2":0,"glasses_2":0,"ears_2":0,"arms":21,"lipstick_1":0,"ears_1":-1,"mask_2":0,"sex":1,"lipstick_3":0,"helmet_1":-1,"shoes_2":0,"beard_2":0,"beard_1":0,"lipstick_2":0,"beard_4":0,"glasses_1":5,"bproof_1":0,"mask_1":0,"decals_1":1,"hair_1":0,"eyebrows_2":0,"beard_3":0,"age_1":0,"tshirt_2":0,"skin":0,"torso_2":0,"eyebrows_1":0,"face":0,"shoes_1":49,"pants_1":11}'),
(20, 'mechanic', 0, 'recrue', 'Recruta', 800, '{"tshirt_2":0,"hair_color_1":5,"glasses_2":3,"shoes_1":12,"shoes_2":0,"torso_2":9,"hair_color_2":0,"pants_1":98,"glasses_1":0,"hair_1":2,"sex":0,"decals_2":0,"tshirt_1":89,"helmet_1":-1,"helmet_2":0,"arms":63,"face":19,"decals_1":0,"torso_1":208,"hair_2":0,"chain_1":0,"chain_2":0,"skin":34,"pants_2":6}', '{}'),
(21, 'mechanic', 1, 'novice', 'Novato', 850, '{"tshirt_2":0,"hair_color_1":5,"glasses_2":3,"shoes_1":12,"shoes_2":0,"torso_2":9,"hair_color_2":0,"pants_1":98,"glasses_1":0,"hair_1":2,"sex":0,"decals_2":0,"tshirt_1":89,"helmet_1":-1,"helmet_2":0,"arms":63,"face":19,"decals_1":0,"torso_1":208,"hair_2":0,"chain_1":0,"chain_2":0,"skin":34,"pants_2":6}', '{}'),
(22, 'mechanic', 2, 'experimente', 'Experiente', 900, '{"tshirt_2":0,"hair_color_1":5,"glasses_2":3,"shoes_1":12,"shoes_2"14,"torso_2":9,"hair_color_2":0,"pants_1":98,"glasses_1":0,"hair_1":2,"sex":0,"decals_2":0,"tshirt_1":89,"helmet_1":14,"helmet_2":1,"arms":63,"face":19,"decals_1":0,"torso_1":208,"hair_2":0,"chain_1":0,"chain_2":0,"skin":34,"pants_2":6}', '{}'),
(23, 'mechanic', 3, 'chief', 'Chefe de equipa', 950, '{"tshirt_2":0,"hair_color_1":5,"glasses_2":3,"shoes_1":12,"shoes_2"14,"torso_2":9,"hair_color_2":0,"pants_1":98,"glasses_1":0,"hair_1":2,"sex":0,"decals_2":0,"tshirt_1":89,"helmet_1":14,"helmet_2":1,"arms":63,"face":19,"decals_1":0,"torso_1":208,"hair_2":0,"chain_1":0,"chain_2":0,"skin":34,"pants_2":6}', '{}'),
(24, 'mechanic', 4, 'boss', 'Patrão', 1000, '{"tshirt_2":0,"hair_color_1":5,"glasses_2":3,"shoes_1":12,"shoes_2":0,"torso_2":9,"hair_color_2":0,"pants_1":98,"glasses_1":0,"hair_1":2,"sex":0,"decals_2":0,"tshirt_1":89,"helmet_1":77,"helmet_2":0,"arms":63,"face":19,"decals_1":0,"torso_1":208,"hair_2":0,"chain_1":0,"chain_2":0,"skin":34,"pants_2":6}', '{}'),
(25, 'police', 0, 'cadete', 'Recruta', 850, '{}', '{}'),
(26, 'police', 1, 'agente', 'Agente', 1000, '{}', '{}'),
(27, 'police', 2, 'agentep', 'Agente Principal', 1100, '{}', '{}'),
(28, 'police', 3, 'agentec', 'Agente Coordenador', 1150, '{}', '{}'),
(29, 'police', 4, 'chefe', 'Chefe Principal', 1200, '{}', '{}'),
(30, 'police', 5, 'chefep', 'Chefe Coordenador ', 1250, '{}', '{}'),
(31, 'police', 6, 'chefec', 'Comissário ', 1500, '{}', '{}'),
(32, 'police', 7, 'subc', 'Intendente', 1750, '{}', '{}'),
(33, 'police', 8, 'boss', 'Diretor Nacional ', 2000, '{}', '{}'),
(41, 'aztecas', 0, 'recruit', 'Recruta', 0, '{}', '{}'),
(42, 'aztecas', 1, 'member', 'Mercenário', 0, '{}', '{}'),
(43, 'aztecas', 2, 'intercircle', 'Sub chefe', 0, '{}', '{}'),
(44, 'aztecas', 3, 'boss', 'Boss', 0, '{}', '{}'),
(45, 'ballas', 0, 'recruit', 'Recruta', 0, '{}', '{}'),
(46, 'ballas', 1, 'member', 'Membro', 0, '{}', '{}'),
(47, 'ballas', 2, 'intercircle', 'Circulo Interno', 0, '{}', '{}'),
(48, 'ballas', 3, 'boss', 'Líder', 0, '{}', '{}'),
(49, 'lsvagos', 0, 'recruit', 'Recruta', 0, '{}', '{}'),
(50, 'lsvagos', 1, 'member', 'Membro', 0, '{}', '{}'),
(51, 'lsvagos', 2, 'intercircle', 'Circulo Interno', 0, '{}', '{}'),
(52, 'lsvagos', 3, 'boss', 'Líder', 0, '{}', '{}'),
(53, 'thefamilies', 0, 'recruit', 'Recruta', 0, '{}', '{}'),
(54, 'thefamilies', 1, 'member', 'Membro', 0, '{}', '{}'),
(55, 'thefamilies', 2, 'intercircle', 'Circulo Interno', 0, '{}', '{}'),
(56, 'thefamilies', 3, 'boss', 'Líder', 0, '{}', '{}'),
(57, 'thelostmc', 0, 'recruit', 'Recruta', 0, '{}', '{}'),
(58, 'thelostmc', 1, 'member', 'Membro', 0, '{}', '{}'),
(59, 'thelostmc', 2, 'intercircle', 'Circulo Interno', 0, '{}', '{}'),
(60, 'thelostmc', 3, 'boss', 'Líder', 0, '{}', '{}'),
(61, 'galaxy', 0, 'recruit', 'Recruta', 0, '{}', '{}'),
(62, 'galaxy', 1, 'barmen', 'Bar Men', 0, '{}', '{}'),
(63, 'galaxy', 2, 'security', 'Segurança', 0, '{}', '{}'),
(64, 'galaxy', 3, 'boss', 'Líder', 0, '{}', '{}'),
(65, 'uvanilla', 0, 'recruit', 'Recruta', 0, '{}', '{}'),
(66, 'uvanilla', 1, 'barmen', 'Bar Men', 0, '{}', '{}'),
(67, 'uvanilla', 2, 'security', 'Segurança', 0, '{}', '{}'),
(68, 'uvanilla', 3, 'boss', 'Líder', 0, '{}', '{}'),
(69, 'tequilala', 0, 'recruit', 'Recruta', 0, '{}', '{}'),
(70, 'tequilala', 1, 'barmen', 'Bar Men', 0, '{}', '{}'),
(71, 'tequilala', 2, 'security', 'Segurança', 0, '{}', '{}'),
(72, 'tequilala', 3, 'boss', 'Líder', 0, '{}', '{}'),
(73, 'poolcleaner', 0, 'interim', 'Limpador', 1000, '{}', '{}'),
(74, 'delivery', 0, 'delivery', 'Empregado', 1000, '{}', '{}'),
(76, 'miner', 0, 'employee', 'Minerador', 1000, '{}', '{}'),
(77, 'lawyer', 0, 'recruit', 'Estagiário', 1000, '{}', '{}'),
(78, 'lawyer', 1, 'employe', 'Empregado', 1100, '{}', '{}'),
(79, 'lawyer', 2, 'boss', 'Chefe', 1150, '{}', '{}'),
(80, 'woodcutter', 0, 'employee', 'Empregado', 1000, '{}', '{}'),
(81, 'offpolice', 0, 'cadete', 'Cadete/Agente Provisorio - Fora de Serviço', 1000, '{}', '{}'),
(82, 'offpolice', 1, 'agente', 'Agente - Fora de Serviço', 1000, '{}', '{}'),
(83, 'offpolice', 2, 'agentep', 'Agente Principal - Fora de Serviço', 1000, '{}', '{}'),
(84, 'offpolice', 3, 'agentec', 'Agente Coordenador - Fora de Serviço', 1000, '{}', '{}'),
(85, 'offpolice', 4, 'chefe', 'Chefe - Fora de Serviço', 1000, '{}', '{}'),
(86, 'offpolice', 5, 'chefep', 'Chefe Principal - Fora de Serviço', 1000, '{}', '{}'),
(87, 'offpolice', 6, 'chefec', 'Chefe-Coordenador - Fora de Serviço ', 1000, '{}', '{}'),
(88, 'offpolice', 7, 'subc', 'Sub-Comissário - Fora de Serviço', 1000, '{}', '{}'),
(89, 'offpolice', 8, 'boss', 'Comissário - Fora de Serviço', 1000, '{}', '{}'),
(90, 'offpolice', 9, 'subint', 'Sub-Intendente - Fora de Serviço', 1000, '{}', '{}'),
(91, 'offpolice', 10, 'inten', 'Intendente - Fora de Serviço', 1000, '{}', '{}'),
(92, 'offpolice', 11, 'superin', 'Superintendente - Fora de Serviço', 1000, '{}', '{}'),
(93, 'offpolice', 12, 'superinchefe', 'Superintendente-Chefe - Fora de Serviço', 1000, '{}', '{}'),
(94, 'offpolice', 13, 'diretoradjunto', 'Diretor Nacional-Adjunto - Fora de Serviço', 1000, '{}', '{}'),
(95, 'offpolice', 14, 'diretornacional', 'Diretor Nacional - Fora de Serviço', 1000, '{}', '{}'),
(97, 'weazelnews', 0, 'recrue', 'Empregado', 1000, '{}', '{}'),
(98, 'weazelnews', 1, 'boss', 'Patrão', 10000, '{}', '{}'),
(99, 'ambulance', 5, 'boss', 'Diretor', 2500, '{"tshirt_2":0,"hair_color_1":5,"glasses_2":3,"bproof_1":13,"bproof_2":0,"shoes_1":25,"shoes_2":0,"torso_2":3,"hair_color_2":0,"pants_1":49,"glasses_1":0,"hair_1":2,"sex":0,"decals_2":0,"tshirt_1":54,"helmet_1":-1,"helmet_2":0,"arms":85,"face":19,"decals_1":0,"torso_1":102,"hair_2":0,"chain_1":30,"chain_2":0,"skin":34,"pants_2":0}', 'tshirt_2":0,"hair_color_1":5,"glasses_2":3,"bproof_1":0,"bproof_2":0,"shoes_1":25,"shoes_2":0,"torso_2":0,"hair_color_2":0,"pants_1":49,"glasses_1":0,"hair_1":2,"sex":0,"decals_2":0,"tshirt_1":15,"helmet_1":-1,"helmet_2":0,"arms":86,"face":19,"decals_1":0,"torso_1":249,"hair_2":0,"chain_1":30,"chain_2":0,"skin":34,"pants_2":0'),
(100, 'ambulance', 4, 'subdiret', 'Sub Diretor', 2000, '{"tshirt_2":0,"hair_color_1":5,"glasses_2":3,"bproof_1":13,"bproof_2":0,"shoes_1":25,"shoes_2":0,"torso_2":3,"hair_color_2":0,"pants_1":49,"glasses_1":0,"hair_1":2,"sex":0,"decals_2":0,"tshirt_1":54,"helmet_1":-1,"helmet_2":0,"arms":85,"face":19,"decals_1":0,"torso_1":102,"hair_2":0,"chain_1":30,"chain_2":0,"skin":34,"pants_2":0}', '{"tshirt_2":0,"decals_2":0,"glasses":0,"hair_1":2,"torso_1":93,"shoes":1,"hair_color_2":0,"glasses_1":0,"skin":13,"face":6,"pants_2":0,"tshirt_1":65,"pants_1":51,"helmet_1":-1,"torso_2":0,"bproof_1":14,"bproof_2":0"arms":109,"sex":1,"glasses_2":0,"decals_1":0,"hair_2":0,"helmet_2":0,"hair_color_1":0}'),
(101, 'police', 9, 'subint', 'Sub-Intendente', 6100, '{}', '{}'),
(102, 'police', 10, 'inten', 'Intendente', 6300, '{}', '{}'),
(103, 'police', 11, 'superin', 'Superintendente', 6500, '{}', '{}'),
(104, 'police', 12, 'superinchefe', 'Superintendente-Chefe', 6900, '{}', '{}'),
(105, 'police', 13, 'diretoradjunto', 'Diretor Nacional-Adjunto', 7100, '{}', '{}'),
(106, 'police', 14, 'diretornacional', 'Diretor Nacional', 7500, '{}', '{}'),
(107, 'garbage', 0, 'employee', 'Empregado', 2000, '{"tshirt_1":59,"torso_1":89,"arms":31,"pants_1":36,"glasses_1":19,"decals_2":0,"hair_color_2":0,"helmet_2":0,"hair_color_1":0,"face":2,"glasses_2":0,"torso_2":1,"shoes":35,"hair_1":0,"skin":0,"sex":0,"glasses_1":19,"pants_2":0,"hair_2":0,"decals_1":0,"tshirt_2":0,"helmet_1":5}', '{"tshirt_1":36,"torso_1":0,"arms":68,"pants_1":30,"glasses_1":15,"decals_2":0,"hair_color_2":0,"helmet_2":0,"hair_color_1":0,"face":27,"glasses_2":0,"torso_2":11,"shoes":26,"hair_1":5,"skin":0,"sex":1,"glasses_1":15,"pants_2":2,"hair_2":0,"decals_1":0,"tshirt_2":0,"helmet_1":19}'),
(108, 'offambulance', 2, 'chief_doctor', 'Médico - Fora de Serviço', 1000, '{"tshirt_2":0,"hair_color_1":5,"glasses_2":3,"bproof_1":13,"bproof_2":0,"shoes_1":25,"shoes_2":0,"torso_2":2,"hair_color_2":0,"pants_1":49,"glasses_1":0,"hair_1":2,"sex":0,"decals_2":0,"tshirt_1":54,"helmet_1":-1,"helmet_2":0,"arms":85,"face":19,"decals_1":0,"torso_1":102,"hair_2":0,"chain_1":30,"chain_2":0,"skin":34,"pants_2":0}', '{"tshirt_2":3,"decals_2":0,"glasses":0,"hair_1":2,"torso_1":73,"shoes":1,"hair_color_2":0,"glasses_1":19,"skin":13,"face":6,"pants_2":5,"tshirt_1":75,"pants_1":37,"helmet_1":57,"torso_2":0,"arms":14,"sex":1,"glasses_2":0,"decals_1":0,"hair_2":0,"helmet_2":0,"hair_color_1":0}'),
(109, 'offambulance', 1, 'doctor', 'Enfermeiro - Fora de Serviço', 1000, '{"tshirt_2":0,"hair_color_1":5,"glasses_2":3,"bproof_1":13,"bproof_2":0,"shoes_1":25,"shoes_2":0,"torso_2":1,"hair_color_2":0,"pants_1":49,"glasses_1":0,"hair_1":2,"sex":0,"decals_2":0,"tshirt_1":54,"helmet_1":-1,"helmet_2":0,"arms":85,"face":19,"decals_1":0,"torso_1":102,"hair_2":0,"chain_1":30,"chain_2":0,"skin":34,"pants_2":0}', '{"tshirt_2":3,"decals_2":0,"glasses":0,"hair_1":2,"torso_1":73,"shoes":1,"hair_color_2":0,"glasses_1":19,"skin":13,"face":6,"pants_2":5,"tshirt_1":75,"pants_1":37,"helmet_1":57,"torso_2":0,"arms":14,"sex":1,"glasses_2":0,"decals_1":0,"hair_2":0,"helmet_2":0,"hair_color_1":0}'),
(110, 'offambulance', 0, 'ambulance', 'TEPH - Fora de Serviço', 1000, '{"tshirt_2":0,"hair_color_1":5,"glasses_2":3,"bproof_1":13,"bproof_2":0,"shoes_1":25,"shoes_2":0,"torso_2":0,"hair_color_2":0,"pants_1":49,"glasses_1":0,"hair_1":2,"sex":0,"decals_2":0,"tshirt_1":54,"helmet_1":-1,"helmet_2":0,"arms":85,"face":19,"decals_1":0,"torso_1":102,"hair_2":0,"chain_1":30,"chain_2":0,"skin":34,"pants_2":0}', '{"tshirt_2":3,"decals_2":0,"glasses":0,"hair_1":2,"torso_1":73,"shoes":1,"hair_color_2":0,"glasses_1":19,"skin":13,"face":6,"pants_2":5,"tshirt_1":75,"pants_1":37,"helmet_1":57,"torso_2":0,"arms":14,"sex":1,"glasses_2":0,"decals_1":0,"hair_2":0,"helmet_2":0,"hair_color_1":0}'),
(111, 'offambulance', 3, 'medc', 'Médico Chefe - Fora de Serviço', 1000, '{"tshirt_2":0,"hair_color_1":5,"glasses_2":3,"bproof_1":13,"bproof_2":0,"shoes_1":25,"shoes_2":0,"torso_2":2,"hair_color_2":0,"pants_1":49,"glasses_1":0,"hair_1":2,"sex":0,"decals_2":0,"tshirt_1":54,"helmet_1":-1,"helmet_2":0,"arms":85,"face":19,"decals_1":0,"torso_1":102,"hair_2":0,"chain_1":30,"chain_2":0,"skin":34,"pants_2":0}', '{"tshirt_2":3,"decals_2":0,"glasses":0,"hair_1":2,"torso_1":73,"shoes":1,"hair_color_2":0,"glasses_1":19,"skin":13,"face":6,"pants_2":5,"tshirt_1":75,"pants_1":37,"helmet_1":57,"torso_2":0,"arms":14,"sex":1,"glasses_2":0,"decals_1":0,"hair_2":0,"helmet_2":0,"hair_color_1":0}'),
(112, 'offambulance', 5, 'boss', 'Diretor - Fora de Serviço', 1000, '{"tshirt_2":0,"hair_color_1":5,"glasses_2":3,"bproof_1":13,"bproof_2":0,"shoes_1":25,"shoes_2":0,"torso_2":3,"hair_color_2":0,"pants_1":49,"glasses_1":0,"hair_1":2,"sex":0,"decals_2":0,"tshirt_1":54,"helmet_1":-1,"helmet_2":0,"arms":85,"face":19,"decals_1":0,"torso_1":102,"hair_2":0,"chain_1":30,"chain_2":0,"skin":34,"pants_2":0}', 'tshirt_2":0,"hair_color_1":5,"glasses_2":3,"bproof_1":0,"bproof_2":0,"shoes_1":25,"shoes_2":0,"torso_2":0,"hair_color_2":0,"pants_1":49,"glasses_1":0,"hair_1":2,"sex":0,"decals_2":0,"tshirt_1":15,"helmet_1":-1,"helmet_2":0,"arms":86,"face":19,"decals_1":0,"torso_1":249,"hair_2":0,"chain_1":30,"chain_2":0,"skin":34,"pants_2":0'),
(113, 'offambulance', 4, 'subdiret', 'Sub Diretor - Fora de Serviço', 1000, '{"tshirt_2":0,"hair_color_1":5,"glasses_2":3,"bproof_1":13,"bproof_2":0,"shoes_1":25,"shoes_2":0,"torso_2":3,"hair_color_2":0,"pants_1":49,"glasses_1":0,"hair_1":2,"sex":0,"decals_2":0,"tshirt_1":54,"helmet_1":-1,"helmet_2":0,"arms":85,"face":19,"decals_1":0,"torso_1":102,"hair_2":0,"chain_1":30,"chain_2":0,"skin":34,"pants_2":0}', '{"tshirt_2":0,"decals_2":0,"glasses":0,"hair_1":2,"torso_1":93,"shoes":1,"hair_color_2":0,"glasses_1":0,"skin":13,"face":6,"pants_2":0,"tshirt_1":65,"pants_1":51,"helmet_1":-1,"torso_2":0,"bproof_1":14,"bproof_2":0"arms":109,"sex":1,"glasses_2":0,"decals_1":0,"hair_2":0,"helmet_2":0,"hair_color_1":0}');

-- 
-- Dumping data for table jobs
--
INSERT INTO jobs VALUES
('ambulance', 'Inem', 1),
('aztecas', 'Mafia Italiana ', 1),
('ballas', 'Ballas', 1),
('cardealer', 'Concessionária', 1),
('delivery', 'Estafeta', 0),
('galaxy', 'Galaxy', 1),
('garbage', 'Lixeiro', 0),
('lawyer', 'Advogado', 0),
('lsvagos', 'LS Vagos', 1),
('mechanic', 'Mecanico', 1),
('miner', 'Mineiro', 0),
('offambulance', 'Inem', 1),
('offpolice', 'PSP', 1),
('police', 'PSP', 1),
('poolcleaner', 'Limpador de piscina', 0),
('taxi', 'Taxi', 0),
('tequilala', 'Tequilala', 1),
('thefamilies', 'hotel moscow', 1),
('thelostmc', 'MS13', 1),
('unemployed', 'Desempregado', 0),
('uvanilla', 'Vanilla', 1),
('weazelnews', 'Weazel News', 0),
('woodcutter', 'Lenhador', 0);

-- 
-- Dumping data for table items
--
INSERT INTO items VALUES
('12gauge', '12 Gauge', -1, 0, 1, 10),
('45acp', '.45 ACP', -1, 0, 1, 10),
('45acpclip', 'Carregador .45 ACP', 1, 0, 1, 10),
('50bmg', '.50 BMG', -1, 0, 1, 10),
('50bmgclip', 'Carregador .50 BMG', 1, 0, 1, 10),
('762x39', '7.62x39', -1, 0, 1, 10),
('762x39clip', 'Carregador 7.62x39', 1, 0, 1, 10),
('9mm', '9mm', -1, 0, 1, 10),
('9mmclip', 'Carregador 9mm', 1, 0, 1, 850),
('WEAPON_ADVANCEDRIFLE', 'Advanced Rifle', 1, 0, 1, 10),
('WEAPON_APPISTOL', 'AP Pistol', 1, 0, 1, 10),
('WEAPON_ASSAULTRIFLE', 'Assault Rifle', 1, 0, 1, 10),
('WEAPON_ASSAULTSHOTGUN', 'Assault Shotgun', 1, 0, 1, 10),
('WEAPON_ASSAULTSMG', 'Assault SMG', 1, 0, 1, 10),
('WEAPON_AUTOSHOTGUN', 'Auto Shotgun', 1, 0, 1, 10),
('WEAPON_BALL', 'Ball', 1, 0, 1, 10),
('WEAPON_BAT', 'Bat', 1, 0, 1, 10),
('WEAPON_BATTLEAXE', 'Battle Axe', 1, 0, 1, 10),
('WEAPON_BOTTLE', 'Bottle', 1, 0, 1, 10),
('WEAPON_BULLPUPRIFLE', 'Bullpup Rifle', 1, 0, 1, 10),
('WEAPON_BULLPUPSHOTGUN', 'Bullpup Shotgun', 1, 0, 1, 10),
('WEAPON_BZGAS', 'BZ Gas', 1, 0, 1, 10),
('WEAPON_CARBINERIFLE', 'Carbine Rifle', 1, 0, 1, 10),
('WEAPON_COMBATMG', 'Combat MG', 1, 0, 1, 10),
('WEAPON_COMBATPDW', 'Combat PDW', 1, 0, 1, 10),
('WEAPON_COMBATPISTOL', 'Combat Pistol', 1, 0, 1, 10),
('WEAPON_COMPACTLAUNCHER', 'Compact Launcher', 1, 0, 1, 10),
('WEAPON_COMPACTRIFLE', 'Compact Rifle', 1, 0, 1, 10),
('WEAPON_CROWBAR', 'Crowbar', 1, 0, 1, 10),
('WEAPON_DAGGER', 'Dagger', 1, 0, 1, 10),
('WEAPON_DBSHOTGUN', 'Double Barrel Shotgun', 1, 0, 1, 10),
('WEAPON_DIGISCANNER', 'Digiscanner', 1, 0, 1, 10),
('WEAPON_DOUBLEACTION', 'Double Action Revolver', 1, 0, 1, 10),
('WEAPON_FIREEXTINGUISHER', 'Fire Extinguisher', 1, 0, 1, 10),
('WEAPON_FIREWORK', 'Firework Launcher', 1, 0, 1, 10),
('WEAPON_FLARE', 'Flare', 1, 0, 1, 10),
('WEAPON_FLAREGUN', 'Flare Gun', 1, 0, 1, 10),
('WEAPON_FLASHLIGHT', 'Flashlight', 1, 0, 1, 10),
('WEAPON_GARBAGEBAG', 'Garbage Bag', 1, 0, 1, 10),
('WEAPON_GOLFCLUB', 'Golf Club', 1, 0, 1, 10),
('WEAPON_GRENADE', 'Grenade', 1, 0, 1, 10),
('WEAPON_GRENADELAUNCHER', 'Gernade Launcher', 1, 0, 1, 10),
('WEAPON_GUSENBERG', 'Gusenberg', 1, 0, 1, 10),
('WEAPON_HAMMER', 'Hammer', 1, 0, 1, 10),
('WEAPON_HANDCUFFS', 'Handcuffs', 1, 0, 1, 10),
('WEAPON_HATCHET', 'Hatchet', 1, 0, 1, 10),
('WEAPON_HEAVYPISTOL', 'Heavy Pistol', 1, 0, 1, 10),
('WEAPON_HEAVYSHOTGUN', 'Heavy Shotgun', 1, 0, 1, 10),
('WEAPON_HEAVYSNIPER', 'Heavy Sniper', 1, 0, 1, 10),
('WEAPON_HOMINGLAUNCHER', 'Homing Launcher', 1, 0, 1, 10),
('WEAPON_KNIFE', 'Knife', 1, 0, 1, 7500),
('WEAPON_KNUCKLE', 'Knuckle Dusters ', 1, 0, 1, 10),
('WEAPON_MACHETE', 'Machete', 1, 0, 1, 10),
('WEAPON_MACHINEPISTOL', 'Machine Pistol', 1, 0, 1, 10),
('WEAPON_MARKSMANPISTOL', 'Marksman Pistol', 1, 0, 1, 10),
('WEAPON_MARKSMANRIFLE', 'Marksman Rifle', 1, 0, 1, 10),
('WEAPON_MG', 'MG', 1, 0, 1, 10),
('WEAPON_MICROSMG', 'Micro SMG', 1, 0, 1, 10),
('WEAPON_MINIGUN', 'Minigun', 1, 0, 1, 10),
('WEAPON_MINISMG', 'Mini SMG', 1, 0, 1, 10),
('WEAPON_MOLOTOV', 'Molotov', 1, 0, 1, 10),
('WEAPON_MUSKET', 'Musket', 1, 0, 1, 10),
('WEAPON_NIGHTSTICK', 'Police Baton', 1, 0, 1, 10),
('WEAPON_PETROLCAN', 'Petrol Can', 1, 0, 1, 10),
('WEAPON_PIPEBOMB', 'Pipe Bomb', 1, 0, 1, 10),
('WEAPON_PISTOL', 'Pistol', 1, 0, 1, 80000),
('WEAPON_PISTOL50', 'Police .50', 1, 0, 1, 10),
('WEAPON_POOLCUE', 'Pool Cue', 1, 0, 1, 10),
('WEAPON_PROXMINE', 'Proximity Mine', 1, 0, 1, 10),
('WEAPON_PUMPSHOTGUN', 'Pump Shotgun', 1, 0, 1, 10),
('WEAPON_RAILGUN', 'Rail Gun', 1, 0, 1, 10),
('WEAPON_REVOLVER', 'Revolver', 1, 0, 1, 10),
('WEAPON_RPG', 'RPG', 1, 0, 1, 10),
('WEAPON_SAWNOFFSHOTGUN', 'Sawn Off Shotgun', 1, 0, 1, 10),
('WEAPON_SMG', 'SMG', 1, 0, 1, 10),
('WEAPON_SMOKEGRENADE', 'Smoke Gernade', 1, 0, 1, 10),
('WEAPON_SNIPERRIFLE', 'Sniper Rifle', 1, 0, 1, 10),
('WEAPON_SNOWBALL', 'Snow Ball', 1, 0, 1, 10),
('WEAPON_SNSPISTOL', 'SNS Pistol', 1, 0, 1, 10),
('WEAPON_SPECIALCARBINE', 'Special Rifle', 1, 0, 1, 10),
('WEAPON_STICKYBOMB', 'Sticky Bombs', 1, 0, 1, 10),
('WEAPON_STINGER', 'Stinger', 1, 0, 1, 10),
('WEAPON_STUNGUN', 'Police Taser', 1, 0, 1, 25000),
('WEAPON_SWITCHBLADE', 'Switch Blade', 1, 0, 1, 10),
('WEAPON_VINTAGEPISTOL', 'Vintage Pistol', 1, 0, 1, 10),
('WEAPON_WRENCH', 'Wrench', 1, 0, 1, 10),
('absinto', 'Absinto', 1, 0, 1, 10),
('access_key', 'Chave de acesso', -1, 0, 1, 10),
('airbag', 'Airbag', 7, 0, 1, 10),
('armbrace', 'Arm Brace', -1, 0, 1, 10),
('asasfrango', 'Asas de frango', 1, 0, 1, 12),
('assaultrifleframe', 'AK 47 Frame', 2, 0, 1, 10),
('assaultriflepipe', 'AK 47 Cano', 1, 0, 1, 10),
('bandage', 'Bandagem', 1, 0, 1, 10),
('bankid_card', 'ID Card', 1, 0, 1, 10),
('battery', 'Bateria do carro', 2, 0, 1, 10),
('beer', 'Cerveja', 1, 0, 1, 50),
('bifana', 'Bifana', 1, 0, 1, 5),
('binoculars', 'Binóculos', 1, 0, 1, 20),
('blowpipe', 'Blowpipe', 2, 0, 1, 10),
('blue_phone', 'Telemovel Azul', 1, 0, 1, 10),
('blueprint_assaultrifle', 'Blueprint AK 47', -1, 0, 1, 10),
('blueprint_microsmg', 'Blueprint Micro SMG', -1, 0, 1, 10),
('blueprint_pistol', 'Blueprint Pistola', -1, 0, 1, 10),
('blueprint_sawnoffshotgun', 'Blueprint Sawed-Off', 1, 0, 1, 10),
('bodybandage', 'Body Bandage', -1, 0, 1, 10),
('bread', 'Pão', 1, 0, 1, 1),
('bulletproof', 'Kevlar', 2, 0, 1, 5000),
('carokit', 'Kit carroçaria', 3, 0, 1, 10),
('carotool', 'Ferramentas de chaparia', 2, 0, 1, 10),
('chips', 'Batatas Fritas', 1, 0, 1, 2),
('chocolate', 'Chocolate', 1, 0, 1, 2),
('cigarett', 'Cigarro', 1, 0, 1, 1),
('cloth', 'Tecido', -1, 0, 1, 10),
('cocacola', 'Cocacola', 1, 0, 1, 2),
('coffe', 'Coffe', 1, 0, 1, 1),
('coke10g', 'Cocaina (10G)', 5, 0, 1, 10),
('coke1g', 'Cocaina (1G)', 1, 0, 1, 10),
('cokebrick', 'Bloco de Cocaina (100G)', 15, 0, 1, 10),
('cokeburn', 'White USB-C', -1, 0, 1, 5000),
('compal', 'Compal', 1, 0, 1, 10),
('copper', 'Cobre', 1, 0, 1, 10),
('cupcake', 'Cupcake', 1, 0, 1, 10),
('diamondbox', 'Caixa de Diamante', 4, 0, 1, 10),
('donuts', 'Donuts', 1, 0, 1, 7),
('drpepper', 'Dr. Pepper', 1, 0, 1, 10),
('drugbags', 'Sacos', 1, 0, 1, 2),
('earrings', 'Brincos', 1, 0, 1, 10),
('energy', 'Bebida energética', 1, 0, 1, 100),
('fanta', 'Fanta', 1, 0, 1, 2),
('filter', 'Filtro', -1, 0, 1, 10),
('fixkit', 'Kit de reparação', 3, 0, 1, 10),
('fixtool', 'Ferramentas de reparo', 2, 0, 1, 10),
('frango', 'Frango', 1, 0, 1, 15),
('gazbottle', 'Garrafa de gás', 2, 0, 1, 10),
('gold', 'Ouro', 1, 0, 1, 10),
('goldbar', 'Barra de Ouro', 2, 0, 1, 10),
('green_phone', 'Telemovel Verde', 1, 0, 1, 10),
('hackerDevice', 'Hacking Device', 1, 0, 1, 1000),
('hamburger', 'Big Mac', 1, 0, 1, 5),
('highradio', 'Radio de qualidade', 5, 0, 1, 10),
('highrim', 'Aro de qualidade', 4, 0, 1, 10),
('hqscale', 'High Quality Scale', 1, 0, 1, 150),
('icetea', 'Ice Tea', 1, 0, 1, 2),
('iron', 'Ferro', 1, 0, 1, 10),
('jager', 'Jager', 1, 0, 1, 10),
('jagerbomb', 'Jager Bomb', 1, 0, 1, 10),
('joint2g', 'Ganza (2G)', 1, 0, 1, 10),
('lEbait', 'Extreme Fishing Bait', 1, 0, 1, 10),
('lUbait', 'Ultra Fishing Bait', 1, 0, 1, 10),
('laptop_h', 'Laptop Hacker', 3, 0, 1, 10),
('lbait', 'Isco', 1, 0, 1, 10),
('legbrace', 'Leg Brace', -1, 0, 1, 10),
('lfish', 'Peixe', 1, 0, 1, 10),
('lighter', 'Isqueiro', 1, 0, 1, 5),
('limonade', 'Limonade', 1, 0, 1, 10),
('lockpick', 'LockPick', 1, 0, 1, 750),
('lowradio', 'Rádio do carro', 5, 0, 1, 10),
('lrod', 'Cana de Pesca', 1, 0, 1, 10),
('madera', 'Madeira', 1, 0, 1, 10),
('maderaf', 'Madeira fina', 2, 0, 1, 10),
('maderag', 'Madeira grande', 4, 0, 1, 10),
('maderam', 'Madeira média', 3, 0, 1, 10),
('martini', 'Martini', 1, 0, 1, 10),
('medikit', 'Medikit', 1, 0, 1, 10),
('meth10g', 'Meth (10G)', 5, 0, 1, 10),
('meth1g', 'Meth (1G)', 1, 0, 1, 10),
('methbrick', 'Meth Brick (100G)', 15, 0, 1, 10),
('methburn', 'Blue USB-C', -1, 0, 1, 6000),
('microsmgframe', 'Micro SMG Frame', 1, 0, 1, 10),
('microsmgpipe', 'Micro SMG Cano', 1, 0, 1, 10),
('milk', 'Leite', 1, 0, 1, 10),
('mixapera', 'Mixa pero', 1, 0, 1, 10),
('neckbrace', 'Neck Brace', -1, 0, 1, 10),
('necklace', 'Colar', 1, 0, 1, 10),
('pastenata', 'Pastel de Nata ', 1, 0, 1, 3),
('phone', 'Telemovel', 1, 0, 1, 1000),
('pistolframe', 'Frame da Pistola', 2, 0, 1, 10),
('pistolpipe', 'Cano de Pistola', 1, 0, 1, 10),
('pizza', 'Pizza', 1, 0, 1, 3),
('poolreceipt', 'Recibo', 1, 0, 1, 10),
('radio', 'Radio', 1, 0, 1, 500),
('repairkit', 'Kit de Reparação', 3, 0, 1, 1350),
('rhum', 'Rhum', 1, 0, 1, 10),
('rolex', 'Relógio Rolex', 1, 0, 1, 10),
('rolpaper', 'Murtalhas', -1, 0, 1, 10),
('sagres', 'Sagres', 1, 0, 1, 2),
('sandwich', 'Sandwich', 1, 0, 1, 3),
('sawnoffshotgunframe', 'Sawed-Off Frame', 1, 0, 1, 10),
('sawnoffshotgunpipe', 'Sawed-Off Cano', 1, 0, 1, 10),
('sim', 'Sim', 1, 0, 1, 10),
('soda', 'Soda', 1, 0, 1, 10),
('spring', 'Mola', 1, 0, 1, 10),
('springbig', 'Mola Grande', 2, 0, 1, 10),
('sprite', 'Sprite', 1, 0, 1, 10),
('stockrim', 'Aro do carro', 4, 0, 1, 10),
('superbock', 'SuperBock', 1, 0, 1, 3),
('tequilala', 'Tequilala', 1, 0, 1, 200),
('thermal_charge', 'Carga térmica', 2, 0, 1, 10),
('tuning_laptop', 'Tuner Laptop', 1, 0, 1, 10),
('tyrekit', 'Kit de Pneus', 1, 0, 1, 650),
('vodka', 'Vodka', 1, 0, 1, 100),
('warehouse_key', 'Chave da Warehouse', -1, 0, 1, 10),
('water', 'Água', 1, 0, 1, 1),
('wedding_ring', 'Anel de casamento', 1, 0, 1, 10),
('weed20g', 'Weed (20G)', 4, 0, 1, 10),
('weed4g', 'Weed (4G)', 2, 0, 1, 10),
('weedbrick', 'Weed Brick (200G)', 15, 0, 1, 10),
('weedburn', 'Green USB-C', -1, 0, 1, 4000),
('whisky', 'Whisky', 1, 0, 1, 150),
('white_phone', 'Telemovel Branco', 1, 0, 1, 10),
('wine', 'Vinho', 1, 0, 1, 50);

-- 
-- Dumping data for table inventories
--
INSERT INTO inventories VALUES
(23, '45YRP591', 'gbox', '{"blackMoney":0,"cash":0,"items":{"bread":[{"count":2,"label":"Pão"}]},"weapons":[]}', 20),
(24, 'YWE 553', 'gbox', '{"cash":0,"weapons":[],"items":{},"blackMoney":0}', 20),
(25, 'YWE 553', 'trunk', '{"cash":0,"weapons":[],"items":{},"blackMoney":0}', 200),
(26, '46STT739', 'gbox', '{"cash":0,"weapons":[],"blackMoney":0,"items":[]}', 20),
(29, 'taxi ', 'stash', '{"weapons":[],"items":{},"cash":0,"blackMoney":0}', 5000),
(30, '20SJJ370', 'gbox', '{"weapons":[],"cash":0,"items":[],"blackMoney":0}', 5000);

-- 
-- Dumping data for table insto_likes
--
-- Table s6_server.insto_likes does not contain any data (it is empty)

-- 
-- Dumping data for table impound
--
-- Table s6_server.impound does not contain any data (it is empty)

-- 
-- Dumping data for table fine_types
--
INSERT INTO fine_types VALUES
(1, 'Prática de atos que impeçam/compromentam a segurança', 2000, 0, NULL),
(2, 'Prática de atos com o intuito de impedir a circulação de veículos a motor', 2500, 0, NULL),
(3, 'Desobediência a ordem legitima do agente da autoridade', 5000, 0, 2),
(4, 'Desobediência a ordem legitima de parar imposta pelo o agente', 5000, 0, 2),
(5, '-----Manobras de Condutores-----', 0, 0, NULL),
(8, 'Veículo a transitar em sentido oposto ao legalmente estabelecido', 2000, 0, NULL),
(9, 'Circulação de veículo na berma da auto-estrada (ou de via equiparada)', 2000, 0, NULL),
(10, 'Utilização de sinal sonoro, não se verificando situação de perigo iminente', 750, 0, NULL),
(11, 'Utilização de sinal sonoro durante a noite, dentro de localidade', 850, 0, NULL),
(12, 'Não ceder a passagem a escolta Militar ou Policial', 2500, 0, NULL),
(13, 'Ultrapassagem efetuada pela direita', 1500, 0, NULL),
(14, '-----Excesso de Velocidade-----', 0, 0, NULL),
(15, '» Dentro de Localidades', 0, 0, NULL),
(16, 'Até 19 kh/h', 2500, 0, NULL),
(17, 'De 20 a 39 km/h', 3000, 0, NULL),
(18, 'De 40 a 59 km/h', 5000, 0, NULL),
(19, 'Superior a 60 km/h | Remoção da Carta', 3500, 0, NULL),
(20, '» Fora de Localidades', 0, 0, NULL),
(21, 'Até 30 km/h', 2000, 0, NULL),
(22, 'De 30 a 60 km/h', 3000, 0, NULL),
(23, 'De 60 a 80 km/h', 5000, 0, NULL),
(24, 'Superior a 80 km/h | Remoção da Carta', 7000, 0, NULL),
(25, '-----Paragem e Estacionamento-----', 0, 0, NULL),
(26, 'Paragem/Estacionamento, fora do local destinado a esse efeito (ou sem respeitar a forma indicada)', 1000, 0, NULL),
(27, 'Estacionar sem deixar espaço suficiente para a saída de outro veículo', 1000, 0, NULL),
(28, 'Estacionado na passagem assinada para peões ', 1000, 0, NULL),
(29, 'Estacionado em via de um só sentido impedindo o trânsito de veículos', 1000, 0, NULL),
(30, 'A impedir o acesso a veículo devidamente estacionado ou sua saída', 1000, 0, NULL),
(31, 'Estacionado de forma a impedir o acesso a lugares vagos', 1000, 0, NULL),
(32, 'Estacionado em local sinalizado e reservado a certos veículos ou entidade', 1500, 0, NULL),
(33, 'Estacionado em parque destinado a outra categoria de veículo', 1000, 0, NULL),
(34, '-----Luzes-----', 0, 0, NULL),
(35, 'Condução de veículo que não disponha de iluminação', 1000, 0, NULL),
(36, 'Circulação de veículo que represente um perigo especial para os outros utentes da via pública sem utilização das luzes avisadoras de perigo', 1250, 0, NULL),
(37, 'Veículo a ser rebocado sem utilizar as luzes de perigo quando funcionais', 1500, 0, NULL),
(38, '---Veículos em missão de Polícia, Socorro Ou Serviço Urgente de Interesse Público---', 0, 0, NULL),
(39, 'Não ceder passagem a veículo em missão de Polícia ou em Urgência', 2500, 0, NULL),
(40, '----Dispostivivos de Segurança e Telemóvel----', 0, 0, NULL),
(41, 'Fazer uso de telemóveis', 1000, 0, NULL),
(42, 'Não fazer uso do capacete pelo condutor ou passageiro', 1200, 0, NULL),
(43, '---Regras de Condução--', 0, 0, NULL),
(44, 'Conduzir motociclo/ciclomotor levantando qualquer roda', 1500, 0, NULL),
(45, '-----Transformações de Viaturas-----', 0, 0, NULL),
(46, 'Tranformação de Viatura Vidros Fumados ', 3500, 0, NULL),
(47, 'Tranformação de Viatura neons', 3500, 0, NULL),
(48, '----Transformação de Veículo/ Falta a Inspeção Extraordinária----', 0, 0, NULL),
(49, 'Automovel ou ciclomotor a circular sem chapa de matrícula', 2500, 0, NULL),
(50, '----Regulamento de Sinalização de Trânsito (RST)----', 0, 0, NULL),
(51, 'Desobediência ao sinal -STOP, não parar', 1500, 0, NULL),
(52, 'Desobediência ao sinal- sentido proibido', 2000, 0, NULL),
(53, 'Desobediência ao sinal C11- proibido virar á esquerda/direita', 1250, 0, NULL),
(54, 'Desobediência ao sinal C15- estacionamento proibido', 1000, 0, NULL),
(55, 'Desobediência á luz semafórica vermelha', 1700, 0, NULL),
(56, '----Crimes Contra Pessoas----', 0, 1, NULL),
(57, 'Homicídio', 20000, 1, 25),
(58, 'Ofensa à integridade física simples', 7500, 1, 5),
(59, 'Ofensa à integridade física Grave', 10000, 1, 10),
(60, 'Participação numa Luta', 4000, 1, 3),
(61, 'Volencia Domestica', 12500, 1, 5),
(62, 'Ameaça', 4500, 1, 2),
(63, 'Perseguição', 10000, 1, 3),
(64, 'Escravidão', 30000, 1, 7),
(65, 'Tráfico de pessoas', 65000, 1, 10),
(66, 'Rapto', 15000, 1, 8),
(67, 'Tomada de reféns', 25000, 1, 10),
(68, 'Violação', 115000, 1, 6),
(69, 'Entrada em lugar vedado/interdito ao público', 5000, 1, 0),
(70, 'Gravações e fotografias ilícitas', 5000, 1, 0),
(71, 'Tortura e outros tratamentos cruéis, degradantes ou desumanos graves', 25000, 1, 20),
(72, '-----Crimes Contra o Património-----', 0, 2, NULL),
(73, 'Furto', 8500, 2, 8),
(74, 'Roubo', 12500, 2, 10),
(75, 'Burla', 20000, 2, 5),
(76, 'Posse de um veiculo roubado ', 3000, 2, 5),
(78, 'Branqueamento de Capitais', 50000, 2, 25),
(79, '-----Crimes Contra a Vida em Sociedade-----', 0, 3, NULL),
(80, 'Tráfico e outras atividade ílicitas (estupefacientes)', 25000, 3, 10),
(81, 'Consumo de Alcool/Estupefacientes', 5000, 3, 5),
(82, 'Falsificação ou contrafação de documento', 2350, 3, 4),
(84, 'Condução de veículo em estado de embriaguez ou sob a influência de estupefacientes ou substâncias psicotrópicas | Remoção da Carta', 5000, 3, 2),
(85, 'Condução de Veículo sem carta de condução | Apreensão da Viatura', 2500, 3, 5),
(86, 'Associação criminosa', 15000, 3, 10),
(87, 'Terrorismo', 55000, 3, 25),
(88, 'Ameaça com prática de crime', 8000, 3, 8),
(89, 'Uso/posse de arma branca (Facas) à vista', 3000, 3, 3),
(90, 'Uso/posse de armas de fogo à vista', 12500, 3, 5),
(91, 'Uso/posse de armas de fogo sem lincensa', 7500, 3, 8),
(92, 'Posse de estupefacientes +2g', 10000, 3, 10),
(93, 'Posse de Dinheiro Sujo', 5000, 3, 10),
(94, 'Fuga às Autoridades', 7500, 3, 6),
(95, 'Suborno ', 4000, 3, 5),
(96, 'Tentativa de Homicidio a 1 Agente da Autoridade', 7500, 3, 8),
(97, 'Trafico de Armas Ilegais ', 8500, 3, 10),
(98, 'Homicídio de um agente/departamento de justiça \t\t', 15000, 3, 15),
(99, 'Roubo de veículos \t\t', 5000, 3, 5),
(100, 'Assalto a banco \t\t', 20000, 3, 10),
(101, 'Assalto a Propriedade ', 6000, 3, 5),
(102, 'Vandilismo ', 5000, 3, 5),
(103, 'Resistencia a detenção', 5000, 3, 5);

-- 
-- Dumping data for table datastore_data
--
INSERT INTO datastore_data VALUES
(426, 'society_ambulance', NULL, '{}'),
(427, 'society_aztecas', NULL, '{}'),
(428, 'society_ballas', NULL, '{}'),
(429, 'society_galaxy', NULL, '{}'),
(430, 'society_lawyer', NULL, '{}'),
(431, 'society_lsvagos', NULL, '{}'),
(432, 'society_police', NULL, '{}'),
(433, 'society_taxi', NULL, '{}'),
(434, 'society_tequilala', NULL, '{}'),
(435, 'society_thefamilies', NULL, '{}'),
(436, 'society_thelostmc', NULL, '{}'),
(437, 'society_uvanilla', NULL, '{}'),
(438, 'housing', 'b99c43aee4bd7db870488551ea9a231c701b1e8e', '{}'),
(439, 'motels', 'b99c43aee4bd7db870488551ea9a231c701b1e8e', '{}'),
(440, 'motels_bed', 'b99c43aee4bd7db870488551ea9a231c701b1e8e', '{}'),
(441, 'user_glasses', 'b99c43aee4bd7db870488551ea9a231c701b1e8e', '{}'),
(442, 'user_mask', 'b99c43aee4bd7db870488551ea9a231c701b1e8e', '{}'),
(443, 'user_helmet', 'b99c43aee4bd7db870488551ea9a231c701b1e8e', '{}'),
(444, 'user_ears', 'b99c43aee4bd7db870488551ea9a231c701b1e8e', '{}'),
(445, 'housing', 'ccb6433f3e4c1a6c6ed85bbd1974c1857d0b167f', '{}'),
(446, 'motels', 'ccb6433f3e4c1a6c6ed85bbd1974c1857d0b167f', '{}'),
(447, 'motels_bed', 'ccb6433f3e4c1a6c6ed85bbd1974c1857d0b167f', '{}'),
(448, 'user_ears', 'ccb6433f3e4c1a6c6ed85bbd1974c1857d0b167f', '{}'),
(449, 'user_glasses', 'ccb6433f3e4c1a6c6ed85bbd1974c1857d0b167f', '{}'),
(450, 'user_helmet', 'ccb6433f3e4c1a6c6ed85bbd1974c1857d0b167f', '{}'),
(451, 'user_mask', 'ccb6433f3e4c1a6c6ed85bbd1974c1857d0b167f', '{}'),
(452, 'housing', '6fe9238e740a9f9c0def9a0743d40c04f6418823', '{"dressing":[{"label":"....","skin":{"beard_1":10,"chest_2":0,"eye_color":26,"glasses_1":8,"ears_2":2,"face":22,"makeup_2":10,"helmet_1":13,"bproof_2":0,"pants_1":28,"makeup_3":0,"torso_2":13,"bproof_1":0,"shoes_1":21,"hair_1":21,"lipstick_1":0,"arms":22,"bags_2":0,"blemishes_1":0,"blush_2":0,"watches_2":0,"decals_2":0,"blush_1":0,"age_2":0,"shoes_2":5,"hair_2":0,"helmet_2":3,"sex":0,"chain_1":13,"mask_2":0,"hair_color_1":29,"arms_2":0,"bracelets_1":-1,"chain_2":0,"lipstick_2":0,"bags_1":0,"blemishes_2":0,"tshirt_2":0,"makeup_1":55,"age_1":0,"eyebrows_3":0,"skin":0,"mask_1":0,"chest_1":0,"torso_1":140,"decals_1":0,"complexion_2":0,"bodyb_1":0,"sun_2":0,"beard_4":0,"bodyb_2":0,"sun_1":0,"eyebrows_1":12,"bracelets_2":0,"beard_2":10,"hair_color_2":0,"eyebrows_4":11,"moles_1":0,"glasses_2":0,"watches_1":2,"makeup_4":0,"ears_1":25,"beard_3":29,"pants_2":14,"chest_3":0,"moles_2":0,"lipstick_4":0,"lipstick_3":0,"tshirt_1":31,"eyebrows_2":10,"complexion_1":0,"blush_3":0}}]}'),
(453, 'motels', '6fe9238e740a9f9c0def9a0743d40c04f6418823', '{}'),
(454, 'motels_bed', '6fe9238e740a9f9c0def9a0743d40c04f6418823', '{}'),
(455, 'user_ears', '6fe9238e740a9f9c0def9a0743d40c04f6418823', '{}'),
(456, 'user_glasses', '6fe9238e740a9f9c0def9a0743d40c04f6418823', '{"hasGlasses":true,"skin":{"glasses_2":7,"glasses_1":15}}'),
(457, 'user_helmet', '6fe9238e740a9f9c0def9a0743d40c04f6418823', '{"skin":{"helmet_1":12,"helmet_2":0},"hasHelmet":true}'),
(458, 'user_mask', '6fe9238e740a9f9c0def9a0743d40c04f6418823', '{"hasMask":true,"skin":{"mask_1":118,"mask_2":0}}'),
(459, 'housing', 'a79ce0e2bc48bfe4d926f712cf0d568fc140a8af', '{}'),
(460, 'motels', 'a79ce0e2bc48bfe4d926f712cf0d568fc140a8af', '{}'),
(461, 'motels_bed', 'a79ce0e2bc48bfe4d926f712cf0d568fc140a8af', '{}'),
(462, 'user_ears', 'a79ce0e2bc48bfe4d926f712cf0d568fc140a8af', '{}'),
(463, 'user_glasses', 'a79ce0e2bc48bfe4d926f712cf0d568fc140a8af', '{}'),
(464, 'user_helmet', 'a79ce0e2bc48bfe4d926f712cf0d568fc140a8af', '{}'),
(465, 'user_mask', 'a79ce0e2bc48bfe4d926f712cf0d568fc140a8af', '{}'),
(466, 'housing', '953081fbdda3367962e47de17f3702408589c962', '{}'),
(467, 'motels', '953081fbdda3367962e47de17f3702408589c962', '{}'),
(468, 'motels_bed', '953081fbdda3367962e47de17f3702408589c962', '{}'),
(469, 'user_ears', '953081fbdda3367962e47de17f3702408589c962', '{}'),
(470, 'user_glasses', '953081fbdda3367962e47de17f3702408589c962', '{}'),
(471, 'user_helmet', '953081fbdda3367962e47de17f3702408589c962', '{}'),
(472, 'user_mask', '953081fbdda3367962e47de17f3702408589c962', '{}');

-- 
-- Dumping data for table datastore
--
INSERT INTO datastore VALUES
('housing', 'Closet', 0),
('motels', 'Motels Datastore', 0),
('motels_bed', 'Motels Bed Datastore', 0),
('society_ambulance', 'Inem', 1),
('society_aztecas', 'Aztecas', 1),
('society_ballas', 'Ballas', 1),
('society_galaxy', 'Galaxy', 1),
('society_lawyer', 'Advogado', 1),
('society_lsvagos', 'LS Vagos', 1),
('society_police', 'Polícia', 1),
('society_taxi', 'Taxi', 1),
('society_tequilala', 'Tequilala', 1),
('society_thefamilies', 'The Families', 1),
('society_thelostmc', 'The Lost MC', 1),
('society_uvanilla', 'Vanilla', 1),
('user_ears', 'Orelhas', 0),
('user_glasses', 'Óculos', 0),
('user_helmet', 'Capacete', 0),
('user_mask', 'Máscara', 0);

-- 
-- Dumping data for table cardealer_vehicles
--
-- Table s6_server.cardealer_vehicles does not contain any data (it is empty)

-- 
-- Dumping data for table bwh_warnings
--
-- Table s6_server.bwh_warnings does not contain any data (it is empty)

-- 
-- Dumping data for table bwh_identifiers
--
INSERT INTO bwh_identifiers VALUES
('steam:1100001076d6965', 'license:ccb6433f3e4c1a6c6ed85bbd1974c1857d0b167f', 'ip:89.153.227.190', '« MEIRELES »', NULL, 'live:985154525077789', 'discord:338444918156427278', NULL),
('steam:11000011774465f', 'license:a79ce0e2bc48bfe4d926f712cf0d568fc140a8af', 'ip:85.241.236.117', 's b', 'xbl:2535437054379366', 'live:985157465646132', 'discord:397189120704774166', NULL),
('steam:11000011870791e', 'license:6fe9238e740a9f9c0def9a0743d40c04f6418823', 'ip:91.194.170.172', 'B.L.A.S.T', NULL, 'live:1055518864617276', 'discord:427519618362507265', NULL),
('steam:110000131dab704', 'license:b99c43aee4bd7db870488551ea9a231c701b1e8e', 'ip:85.240.4.80', 'LikeALord', NULL, 'live:844425790503694', 'discord:355468624468770827', NULL),
('steam:11000013c167847', 'license:953081fbdda3367962e47de17f3702408589c962', 'ip:2.80.252.223', 'BlackZon', 'xbl:2535454475608655', 'live:844425441084993', 'discord:402136499958841354', 'fivem:151908'),
('steam:11000013c9ade55', 'license:a79ce0e2bc48bfe4d926f712cf0d568fc140a8af', 'ip:85.241.236.117', 's b', 'xbl:2535437054379366', 'live:985157465646132', 'discord:397189120704774166', NULL);

-- 
-- Dumping data for table bwh_bans
--
-- Table s6_server.bwh_bans does not contain any data (it is empty)

-- 
-- Dumping data for table bought_houses
--
INSERT INTO bought_houses VALUES
(7);

-- 
-- Dumping data for table billing
--
INSERT INTO billing VALUES
(16, '953081fbdda3367962e47de17f3702408589c962', '953081fbdda3367962e47de17f3702408589c962', 'society', 'society_police', 'Multa:  Terrorismo x1 |', 55000),
(17, 'b99c43aee4bd7db870488551ea9a231c701b1e8e', 'b99c43aee4bd7db870488551ea9a231c701b1e8e', 'society', 'society_police', 'Multa:  Terrorismo x1 |', 55000);

-- 
-- Dumping data for table bank_transfer
--
-- Table s6_server.bank_transfer does not contain any data (it is empty)

-- 
-- Dumping data for table addon_inventory_items
--
INSERT INTO addon_inventory_items VALUES
(151, 'motels_bed', 'medikit', 0, '6fe9238e740a9f9c0def9a0743d40c04f6418823'),
(152, 'society_taxi', '45acp', 1, NULL),
(153, 'society_taxi', 'blueprint_microsmg', 1, NULL),
(154, 'society_taxi', 'WEAPON_VINTAGEPISTOL', 50, NULL),
(155, 'society_taxi', 'weed20g', 50, NULL),
(156, 'society_taxi', 'WEAPON_SNIPERRIFLE', 49, NULL),
(157, 'society_weazelnews', 'cokebrick', 0, NULL),
(158, 'society_weazelnews', 'medikit', 0, NULL),
(159, 'society_weazelnews', '9mmclip', 0, NULL),
(160, 'motels_bed', 'cokebrick', 30, '6fe9238e740a9f9c0def9a0743d40c04f6418823'),
(161, 'motels_bed', 'phone', 0, '6fe9238e740a9f9c0def9a0743d40c04f6418823'),
(162, 'society_weazelnews', 'phone', 0, NULL),
(163, 'society_weazelnews', 'radio', 0, NULL),
(164, 'motels', 'radio', 0, 'a79ce0e2bc48bfe4d926f712cf0d568fc140a8af'),
(165, 'motels', 'gazbottle', 1, 'a79ce0e2bc48bfe4d926f712cf0d568fc140a8af'),
(166, 'society_weazelnews', 'thermal_charge', 0, NULL),
(167, 'society_taxi', 'tuning_laptop', 0, NULL),
(168, 'society_taxi', 'water', 0, NULL),
(169, 'society_aztecas', 'WEAPON_SNIPERRIFLE', 0, NULL),
(170, 'society_mechanic', 'cokebrick', 2, NULL),
(171, 'motels_bed', 'coffe', 1, '6fe9238e740a9f9c0def9a0743d40c04f6418823'),
(172, 'motels_bed', '9mmclip', 100, '6fe9238e740a9f9c0def9a0743d40c04f6418823');

-- 
-- Dumping data for table addon_inventory
--
INSERT INTO addon_inventory VALUES
('housing', 'Propriedade', 0),
('motels', 'Motels Inventory', 0),
('motels_bed', 'Motels Bed Inventory', 0),
('society_ambulance', 'Inem', 1),
('society_aztecas', 'Aztecas', 1),
('society_ballas', 'Ballas', 1),
('society_cardealer', 'Concessionária', 1),
('society_galaxy', 'Galaxy', 1),
('society_lawyer', 'Advogado', 1),
('society_lsvagos', 'LS Vagos', 1),
('society_mechanic', 'Mecanico', 1),
('society_police', 'Polícia', 1),
('society_taxi', 'Taxi', 1),
('society_tequilala', 'Tequilala', 1),
('society_thefamilies', 'The Families', 1),
('society_thelostmc', 'The Lost MC', 1),
('society_uvanilla', 'Vanilla', 1),
('society_weazelnews', 'Weazel News', 1);

-- 
-- Dumping data for table addon_account_data
--
INSERT INTO addon_account_data VALUES
(134, 'society_ambulance', 8000, NULL),
(135, 'society_aztecas', 0, NULL),
(136, 'society_ballas', 0, NULL),
(137, 'society_cardealer', 0, NULL),
(138, 'society_galaxy', 0, NULL),
(139, 'society_lawyer', 0, NULL),
(140, 'society_lsvagos', 1111, NULL),
(141, 'society_mechanic', 22500, NULL),
(142, 'society_police', 337000, NULL),
(143, 'society_taxi', 0, NULL),
(144, 'society_tequilala', 0, NULL),
(145, 'society_thefamilies', 0, NULL),
(146, 'society_thelostmc', 0, NULL),
(147, 'society_uvanilla', 0, NULL),
(148, 'society_weazelnews', 0, NULL),
(149, 'motels_bed_black_money', 0, 'b99c43aee4bd7db870488551ea9a231c701b1e8e'),
(150, 'motels_black_money', 0, 'b99c43aee4bd7db870488551ea9a231c701b1e8e'),
(151, 'motels_bed_black_money', 0, 'ccb6433f3e4c1a6c6ed85bbd1974c1857d0b167f'),
(152, 'motels_black_money', 0, 'ccb6433f3e4c1a6c6ed85bbd1974c1857d0b167f'),
(153, 'motels_bed_black_money', 18310, '6fe9238e740a9f9c0def9a0743d40c04f6418823'),
(154, 'motels_black_money', 0, '6fe9238e740a9f9c0def9a0743d40c04f6418823'),
(155, 'motels_bed_black_money', 0, 'a79ce0e2bc48bfe4d926f712cf0d568fc140a8af'),
(156, 'motels_black_money', 0, 'a79ce0e2bc48bfe4d926f712cf0d568fc140a8af'),
(157, 'motels_bed_black_money', 0, '953081fbdda3367962e47de17f3702408589c962'),
(158, 'motels_black_money', 0, '953081fbdda3367962e47de17f3702408589c962');

-- 
-- Dumping data for table addon_account
--
INSERT INTO addon_account VALUES
('motels_bed_black_money', 'Motels Black Money Bed', 0),
('motels_black_money', 'Motels Black Money ', 0),
('society_ambulance', 'Inem', 1),
('society_aztecas', 'Aztecas', 1),
('society_ballas', 'Ballas', 1),
('society_cardealer', 'Concessionária', 1),
('society_galaxy', 'Galaxy', 1),
('society_lawyer', 'Advogado', 1),
('society_lsvagos', 'LS Vagos', 1),
('society_mechanic', 'Mecanico', 1),
('society_police', 'Polícia', 1),
('society_taxi', 'Taxi', 1),
('society_tequilala', 'Tequilala', 1),
('society_thefamilies', 'The Families', 1),
('society_thelostmc', 'The Lost MC', 1),
('society_uvanilla', 'Vanilla', 1),
('society_weazelnews', 'Weazel News', 1);

-- 
-- Restore previous SQL mode
-- 
/*!40101 SET SQL_MODE=@OLD_SQL_MODE */;

-- 
-- Enable foreign keys
-- 
/*!40014 SET FOREIGN_KEY_CHECKS=@OLD_FOREIGN_KEY_CHECKS */;